Team,Season,Draft_Draft_Trade,Trade,Free_Agency,Total_Roster,Wins,Losses,Team_Achievement,All-Star,MVP,First_Round_Draft,Second_Plus_Round_Draft,Undrafted,Avg_Age
Los Angeles Lakers,2019-2020,2,1,12,15,51,18,N/A,0,0,11,2,2,28.3
Atlanta Hawks,2019-2020,7,6,2,15,20,47,N/A,0,0,11,1,3,24.6
Charlotte Hornets,2019-2020,7,4,2,13,23,42,N/A,0,0,7,5,1,23.7
Houston Rockets,2019-2020,0,4,11,15,43,25,N/A,1,0,10,1,4,29
New Orleans Pelicans,2019-2020,4,5,6,15,30,40,N/A,1,0,10,3,2,24.6
Detroit Pistons,2019-2020,4,6,3,15,20,46,N/A,0,0,9,4,2,24.7
Boston Celtics,2019-2020,8,1,6,15,46,23,N/A,1,0,9,2,4,24.3
Utah Jazz,2019-2020,5,2,8,15,43,27,N/A,2,0,6,5,4,25.4
Los Angeles Clippers,2019-2020,2,7,6,15,47,22,N/A,0,0,8,5,2,27.2
Memphis Grizzlies,2019-2020,4,6,5,15,33,38,N/A,0,0,10,2,3,23.5
Golden State Warriors,2019-2020,7,1,5,13,15,50,N/A,0,0,6,3,4,24.2
Sacramento Kings,2019-2020,5,5,5,15,29,40,N/A,0,0,10,3,2,25.5
Washington Wizards,2019-2020,5,5,4,15,24,46,N/A,0,0,9,4,2,24.4
Orlando Magic,2019-2020,5,5,5,15,32,38,N/A,0,0,10,3,2,25.3
Philadelphia Sixers,2019-2020,5,5,5,15,42,27,N/A,1,0,8,6,1,25.4
Oklahoma City Thunder,2019-2020,5,6,4,15,43,26,N/A,1,0,9,4,2,24.3
Portland Trail Blazers,2019-2020,6,6,2,14,32,39,N/A,1,0,10,3,1,25.1
New York Knicks,2019-2020,6,2,6,15,21,45,N/A,0,0,11,3,1,23.9
Toronto Raptors,2019-2020,4,3,8,15,50,19,N/A,1,0,6,4,5,25.5
San Antonio Spurs,2019-2020,6,2,7,15,31,38,N/A,0,0,12,2,1,25.7
Dallas Mavericks,2019-2020,2,8,6,16,42,30,N/A,0,0,9,2,5,26.6
Phoenix Suns,2019-2020,6,4,5,15,31,39,N/A,1,0,10,3,2,23.5
Chicago Bulls,2019-2020,6,4,5,15,22,43,N/A,0,0,9,2,4,24
Denver Nuggets,2019-2020,5,5,5,15,46,24,N/A,1,0,5,7,3,25
Cleveland Cavaliers,2019-2020,6,6,3,15,19,46,N/A,0,0,10,2,3,24
Indiana Pacers,2019-2020,5,4,6,15,43,27,N/A,1,0,9,3,3,24.6
Brooklyn Nets,2019-2020,5,2,9,16,33,36,N/A,0,0,9,5,2,25.6
Milwaukee Bucks,2019-2020,4,3,8,15,55,15,N/A,1,0,8,6,1,28.7
Miami Heat,2019-2020,3,6,6,15,43,27,N/A,2,0,7,3,5,26.6
Minnesota Timberwolves,2019-2020,4,9,1,14,19,45,N/A,0,0,10,3,1,22.9
Indiana Pacers,2018-2019,4,4,7,15,48,34,First Round,1,0,10,4,1,25.5
Philadelphia Sixers,2018-2019,5,6,4,15,51,31,Second Round,2,0,8,4,3,26.1
Dallas Mavericks,2018-2019,3,6,6,15,33,49,Lottery,1,0,8,2,5,27.5
Portland Trail Blazers,2018-2019,7,4,4,15,53,29,Conference Finals,1,0,12,2,1,24.4
Golden State Warriors,2018-2019,7,1,7,15,57,25,NBA Finals (Loss),3,0,10,3,2,27.4
Charlotte Hornets,2018-2019,8,4,2,15,39,43,Lottery,1,0,11,4,0,25.7
Milwaukee Bucks,2018-2019,5,5,5,15,60,22,Conference Finals,2,1,9,5,1,26.9
Chicago Bulls,2018-2019,4,6,5,15,22,60,Lottery,0,0,9,0,6,23.5
Brooklyn Nets,2018-2019,5,4,6,15,42,40,First Round,1,0,9,4,2,24.6
Utah Jazz,2018-2019,6,4,5,15,50,32,First Round,0,0,9,4,2,26.6
Minnesota Timberwolves,2018-2019,5,4,7,16,36,46,Lottery,1,0,11,1,4,26.3
Washington Wizards,2018-2019,4,4,6,15,32,50,Lottery,1,0,9,4,2,26
Oklahoma City Thunder,2018-2019,5,4,5,14,49,33,First Round,2,0,10,3,1,25.5
Atlanta Hawks,2018-2019,6,2,7,15,29,53,Lottery,0,0,10,1,4,24.3
New Orleans Pelicans,2018-2019,3,2,9,15,33,49,Lottery,1,0,7,4,4,24.5
Memphis Grizzlies,2018-2019,5,6,5,16,33,49,Lottery,0,0,9,6,1,25.6
San Antonio Spurs,2018-2019,5,2,8,15,48,34,First Round,1,0,10,4,1,26.5
Denver Nuggets,2018-2019,8,3,4,15,54,28,Second Round,1,0,8,6,1,23.9
Orlando Magic,2018-2019,5,7,3,15,42,40,First Round,1,0,11,2,2,24.5
Sacramento Kings,2018-2019,6,4,5,15,39,43,Lottery,0,0,11,2,2,24.5
Cleveland Cavaliers,2018-2019,3,9,3,15,19,63,Lottery,0,0,11,2,2,25.8
Detroit Pistons,2018-2019,4,4,7,15,41,41,First Round,1,0,6,6,3,26.4
Boston Celtics,2018-2019,7,2,6,15,49,33,Second Round,1,0,10,1,4,25.5
Houston Rockets,2018-2019,2,3,10,15,53,29,Second Round,1,0,9,2,4,27.2
Phoenix Suns,2018-2019,8,4,3,15,19,63,Lottery,0,0,9,4,2,23.5
New York Knicks,2018-2019,4,3,8,15,17,65,Lottery,0,0,8,3,4,22.9
Toronto Raptors,2018-2019,3,5,7,15,58,24,NBA Champion,2,0,5,5,5,26.7
Los Angeles Clippers,2018-2019,3,9,1,14,48,34,First Round,0,0,5,6,3,25.6
Los Angeles Lakers,2018-2019,6,2,7,15,37,45,Lottery,1,0,11,3,1,25.5
Miami Heat,2018-2019,3,3,9,15,39,43,Lottery,1,0,7,3,5,26.8
Boston Celtics,2017-2018,7,2,7,16,55,27,Conference Finals,2,0,11,2,3,24.7
Minnesota Timberwolves,2017-2018,5,2,8,15,47,35,First Round,2,0,12,1,2,26.5
New Orleans Pelicans,2017-2018,3,3,9,15,48,34,Second Round,2,0,9,5,1,26.6
Brooklyn Nets,2017-2018,4,7,4,15,28,54,Lottery,0,0,7,6,2,24.6
Washington Wizards,2017-2018,5,4,6,15,43,39,First Round,2,0,9,5,1,27.1
Denver Nuggets,2017-2018,7,6,2,15,46,36,Lottery,0,0,12,3,0,25.9
Toronto Raptors,2017-2018,8,3,4,15,59,23,Second Round,2,0,10,3,2,24.7
Detroit Pistons,2017-2018,4,5,6,15,39,43,Lottery,1,0,8,2,5,26.1
Indiana Pacers,2017-2018,4,4,7,15,48,34,First Round,1,0,9,5,1,24.9
Charlotte Hornets,2017-2018,6,4,4,14,36,46,Lottery,1,0,10,2,2,25.1
Sacramento Kings,2017-2018,7,3,5,15,27,55,Lottery,0,0,12,1,2,25.2
Atlanta Hawks,2017-2018,6,1,8,15,24,58,Lottery,0,0,5,2,8,23.9
Golden State Warriors,2017-2018,7,1,7,15,58,24,NBA Champion,4,0,10,4,1,27.6
New York Knicks,2017-2018,3,3,9,15,29,53,Lottery,1,0,10,2,3,25.5
Utah Jazz,2017-2018,6,3,6,15,48,34,Second Round,0,0,9,3,3,25.6
Chicago Bulls,2017-2018,4,7,3,15,27,55,Lottery,0,0,9,2,4,24.2
Phoenix Suns,2017-2018,8,3,4,15,21,61,Lottery,0,0,10,2,3,23.6
San Antonio Spurs,2017-2018,7,0,8,15,47,35,First Round,1,0,8,5,2,28
Milwaukee Bucks,2017-2018,7,5,3,15,44,38,First Round,1,0,11,3,1,25.2
Cleveland Cavaliers,2017-2018,2,8,5,15,50,32,NBA Finals (Loss),2,0,10,3,2,28
Orlando Magic,2017-2018,4,3,8,15,25,57,Lottery,0,0,10,2,3,25.1
Los Angeles Clippers,2017-2018,3,9,3,15,42,40,Lottery,0,0,6,6,3,26.2
Portland Trail Blazers,2017-2018,7,3,5,15,49,33,First Round,1,0,13,2,0,23.7
Memphis Grizzlies,2017-2018,7,1,7,15,22,60,Lottery,0,0,5,7,3,25.4
Philadelphia Sixers,2017-2018,7,1,7,15,52,30,Second Round,1,0,10,3,2,24.9
Los Angeles Lakers,2017-2018,7,4,4,15,35,47,Lottery,0,0,10,3,2,24.6
Miami Heat,2017-2018,3,3,9,15,44,38,First Round,1,0,8,4,3,26.9
Oklahoma City Thunder,2017-2018,8,4,3,15,48,34,First Round,2,0,11,4,0,26.9
Houston Rockets,2017-2018,3,3,9,15,65,17,Conference Finals,1,1,8,5,2,28.6
Dallas Mavericks,2017-2018,2,3,10,15,24,58,Lottery,0,0,5,1,9,26.3
Charlotte Hornets,2016-2017,4,4,7,15,36,46,Lottery,1,0,9,2,4,25.3
Denver Nuggets,2016-2017,7,7,1,15,40,42,Lottery,0,0,13,2,0,25.3
Brooklyn Nets,2016-2017,4,2,9,15,20,62,Lottery,0,0,7,6,2,24.9
Milwaukee Bucks,2016-2017,6,5,4,15,42,40,First Round,1,0,10,2,3,24.9
Indiana Pacers,2016-2017,5,3,7,15,42,40,First Round,1,0,7,8,0,26.1
Los Angeles Clippers,2016-2017,4,3,8,15,51,31,First Round,1,0,10,4,1,29.1
Utah Jazz,2016-2017,8,4,3,15,51,31,Second Round,1,0,10,4,1,25.7
Golden State Warriors,2016-2017,6,1,8,15,67,15,NBA Champion,4,0,9,4,2,27.2
Washington Wizards,2016-2017,5,5,5,15,49,33,Second Round,1,0,10,3,2,24.9
Atlanta Hawks,2016-2017,4,4,6,15,43,39,First Round,1,0,8,4,3,27.6
Minnesota Timberwolves,2016-2017,9,2,4,15,31,51,Lottery,0,0,13,2,0,24.9
Miami Heat,2016-2017,2,3,10,15,41,41,Lottery,0,0,6,4,5,26.6
Phoenix Suns,2016-2017,6,2,7,15,24,58,Lottery,0,0,10,1,4,24.7
Toronto Raptors,2016-2017,8,4,3,15,51,31,Second Round,2,0,12,2,1,24.7
Oklahoma City Thunder,2016-2017,8,6,1,15,47,35,First Round,1,1,11,4,0,25.1
Orlando Magic,2016-2017,4,4,7,15,29,53,Lottery,0,0,9,2,4,24.7
Cleveland Cavaliers,2016-2017,3,5,7,15,51,31,NBA Finals (Loss),3,0,11,4,0,29.1
Houston Rockets,2016-2017,4,3,8,15,55,27,Second Round,1,0,6,5,4,25.5
Portland Trail Blazers,2016-2017,6,4,5,15,41,41,First Round,0,0,11,3,1,23.8
Memphis Grizzlies,2016-2017,6,2,7,15,43,39,First Round,1,0,7,5,3,26.7
New York Knicks,2016-2017,2,4,9,15,31,51,Lottery,1,0,6,2,7,26.2
Philadelphia Sixers,2016-2017,6,3,7,16,28,54,Lottery,0,0,11,1,4,23.8
Detroit Pistons,2016-2017,6,4,4,15,37,45,Lottery,0,0,9,3,3,25
Los Angeles Lakers,2016-2017,6,2,7,15,26,56,Lottery,0,0,10,2,3,25
San Antonio Spurs,2016-2017,6,0,9,15,61,21,Conference Finals,1,0,7,4,4,28.3
Dallas Mavericks,2016-2017,2,2,10,15,33,49,Lottery,0,0,4,3,8,26.5
Boston Celtics,2016-2017,8,4,3,15,53,29,Conference Finals,1,0,9,6,0,24.7
Sacramento Kings,2016-2017,5,4,6,15,32,50,Lottery,1,0,12,0,3,25.3
Chicago Bulls,2016-2017,5,6,4,15,41,41,First Round,1,0,10,3,2,25.3
New Orleans Pelicans,2016-2017,2,4,9,15,34,48,Lottery,1,0,8,4,3,25.5
Brooklyn Nets,2015-2016,5,3,7,15,21,61,Lottery,0,0,9,2,4,24.6
Portland Trail Blazers,2015-2016,5,5,5,15,44,38,Second Round,0,0,10,2,3,24
Phoenix Suns,2015-2016,4,3,6,14,23,59,Lottery,0,0,8,3,3,25
Oklahoma City Thunder,2015-2016,9,4,2,15,55,27,Conference Finals,2,0,13,1,1,26.2
Chicago Bulls,2015-2016,9,1,5,15,42,40,Lottery,2,0,11,2,2,26.5
Toronto Raptors,2015-2016,7,2,6,15,56,26,Conference Finals,2,0,13,2,0,25.2
New Orleans Pelicans,2015-2016,1,7,10,18,30,52,Lottery,1,0,12,3,3,26
Miami Heat,2015-2016,3,2,10,15,48,34,Second Round,2,0,8,4,3,27.9
Houston Rockets,2015-2016,5,6,4,15,41,41,First Round,1,0,10,5,0,25.9
Charlotte Hornets,2015-2016,4,5,6,15,48,34,First Round,0,0,11,0,4,25.2
Boston Celtics,2015-2016,8,4,3,15,48,34,First Round,1,0,9,5,1,23.8
Los Angeles Clippers,2015-2016,4,4,7,15,53,29,First Round,1,0,10,4,1,28.6
New York Knicks,2015-2016,3,3,9,15,32,50,Lottery,1,0,9,2,4,26.2
Milwaukee Bucks,2015-2016,6,5,4,15,33,49,Lottery,0,0,11,4,0,23.6
Memphis Grizzlies,2015-2016,4,5,7,16,42,40,First Round,0,0,9,3,4,27.8
Sacramento Kings,2015-2016,3,1,11,15,33,49,Lottery,1,0,11,1,3,25.9
San Antonio Spurs,2015-2016,5,1,9,15,67,15,Second Round,2,0,9,4,2,30.7
Detroit Pistons,2015-2016,5,6,4,15,44,38,First Round,1,0,7,5,3,25.2
Philadelphia Sixers,2015-2016,5,4,6,15,10,72,Lottery,0,0,6,4,5,23.6
Indiana Pacers,2015-2016,5,3,7,15,45,37,First Round,1,0,8,6,1,25.4
Golden State Warriors,2015-2016,6,2,7,15,73,9,NBA Finals (Loss),3,1,11,2,2,26.7
Los Angeles Lakers,2015-2016,8,1,5,14,17,65,Lottery,1,0,7,6,1,26.7
Atlanta Hawks,2015-2016,7,5,3,15,48,34,Second Round,2,0,8,6,1,27.3
Orlando Magic,2015-2016,6,5,3,14,35,47,Lottery,0,0,10,2,2,24.1
Cleveland Cavaliers,2015-2016,3,5,7,15,57,25,NBA Champion,1,0,9,4,2,28.6
Utah Jazz,2015-2016,9,2,4,15,40,42,Lottery,0,0,9,4,2,23.6
Washington Wizards,2015-2016,4,5,6,15,41,41,Lottery,1,0,9,3,3,27
Denver Nuggets,2015-2016,6,6,3,15,33,49,Lottery,0,0,10,3,2,24.8
Dallas Mavericks,2015-2016,2,3,10,15,42,40,First Round,0,0,8,4,3,29
Minnesota Timberwolves,2015-2016,8,4,2,14,29,53,Lottery,0,0,10,2,2,25.3
Brooklyn Nets,2014-2015,5,5,5,15,38,44,First Round,0,0,8,5,2,26.2
New York Knicks,2014-2015,2,6,7,15,17,65,Lottery,1,0,6,3,6,25.4
Golden State Warriors,2014-2015,6,3,6,15,67,15,NBA Champion,2,1,11,2,2,26.2
Utah Jazz,2014-2015,7,2,5,14,38,44,Lottery,0,0,8,2,4,22.7
Indiana Pacers,2014-2015,3,4,8,15,38,44,Lottery,0,0,7,3,5,27.4
Chicago Bulls,2014-2015,8,0,6,14,50,32,Second Round,2,0,12,2,0,27.6
Orlando Magic,2014-2015,6,4,4,15,25,57,Lottery,0,0,11,3,1,24.4
Boston Celtics,2014-2015,5,7,3,15,40,42,First Round,0,0,8,4,3,24.2
Phoenix Suns,2014-2015,4,8,3,15,39,43,Lottery,0,0,11,2,2,25.1
Cleveland Cavaliers,2014-2015,4,5,6,15,53,29,NBA Finals (Loss),2,0,10,3,2,28.1
New Orleans Pelicans,2014-2015,2,7,5,14,45,37,First Round,1,0,11,3,0,25.1
Washington Wizards,2014-2015,4,5,6,15,46,36,Second Round,1,0,9,4,2,28
Dallas Mavericks,2014-2015,1,5,9,15,50,32,First Round,1,0,9,4,2,28.6
Philadelphia Sixers,2014-2015,4,5,3,14,18,64,Lottery,0,0,5,5,4,22.7
Sacramento Kings,2014-2015,5,4,6,15,29,53,Lottery,1,0,9,3,3,26.1
Memphis Grizzlies,2014-2015,5,6,3,15,55,27,Second Round,1,0,9,5,1,26.9
Oklahoma City Thunder,2014-2015,8,6,1,15,45,37,Lottery,2,0,12,2,1,24.7
Houston Rockets,2014-2015,5,6,4,15,56,26,Conference Finals,1,0,8,6,1,26.4
San Antonio Spurs,2014-2015,7,1,7,15,55,27,First Round,1,0,8,5,2,28.4
Los Angeles Lakers,2014-2015,5,2,8,15,21,61,Lottery,1,0,7,4,4,25.7
Los Angeles Clippers,2014-2015,3,3,9,15,56,26,Second Round,2,0,11,4,0,28.1
Atlanta Hawks,2014-2015,6,2,7,15,60,22,Conference Finals,4,0,8,5,2,26.9
Milwaukee Bucks,2014-2015,6,5,4,15,41,41,First Round,0,0,9,5,1,23.4
Denver Nuggets,2014-2015,6,6,2,14,30,52,Lottery,0,0,10,4,0,24.6
Detroit Pistons,2014-2015,4,5,5,15,32,50,Lottery,0,0,8,3,4,26.5
Minnesota Timberwolves,2014-2015,6,7,2,16,16,66,Lottery,0,0,9,5,2,25
Miami Heat,2014-2015,4,3,8,15,37,45,Lottery,2,0,5,6,4,27.3
Portland Trail Blazers,2014-2015,7,3,5,15,51,31,First Round,2,0,10,2,3,26.3
Charlotte Hornets,2014-2015,8,2,5,15,33,49,Lottery,0,0,10,3,2,24.6
Toronto Raptors,2014-2015,5,6,4,15,49,33,First Round,1,0,10,3,2,25.4
Sacramento Kings,2013-2014,5,6,4,15,28,54,Lottery,0,0,8,5,2,25.5
Memphis Grizzlies,2013-2014,4,7,3,15,50,32,First Round,0,0,11,4,0,27.1
Oklahoma City Thunder,2013-2014,9,3,3,15,59,23,Conference Finals,1,1,14,1,0,25.5
Boston Celtics,2013-2014,4,7,4,15,25,57,Lottery,0,0,8,2,5,25.6
San Antonio Spurs,2013-2014,6,2,7,15,62,20,NBA Champion,1,0,9,5,1,27.7
Washington Wizards,2013-2014,7,4,4,15,44,38,Second Round,1,0,11,3,1,26.3
Los Angeles Clippers,2013-2014,3,4,7,14,57,25,Second Round,2,0,9,5,0,28.2
Atlanta Hawks,2013-2014,6,1,7,14,38,44,First Round,1,0,6,6,2,26.1
Denver Nuggets,2013-2014,4,7,4,15,36,46,Lottery,0,0,13,1,1,24.7
Los Angeles Lakers,2013-2014,3,5,7,15,27,55,Lottery,1,0,11,3,1,26.8
Houston Rockets,2013-2014,4,3,8,15,54,28,First Round,2,0,7,4,4,24.4
Charlotte Hornets,2013-2014,6,3,6,15,43,39,First Round,0,0,9,3,3,26.1
Minnesota Timberwolves,2013-2014,6,4,5,15,40,42,Lottery,1,0,6,6,3,25.6
Orlando Magic,2013-2014,4,5,4,13,23,59,Lottery,0,0,8,3,2,24.2
Utah Jazz,2013-2014,6,4,3,15,25,57,Lottery,0,0,9,2,4,24.1
Portland Trail Blazers,2013-2014,9,2,4,15,54,28,Second Round,2,0,10,4,1,24.8
Toronto Raptors,2013-2014,3,8,4,15,48,34,First Round,1,0,8,4,3,25.7
Indiana Pacers,2013-2014,4,5,6,15,56,26,Conference Finals,2,0,8,4,3,26.7
Philadelphia Sixers,2013-2014,4,4,6,15,19,63,Lottery,0,0,9,1,5,22.9
New Orleans Pelicans,2013-2014,4,6,6,16,34,48,Lottery,1,0,11,2,3,24.3
Golden State Warriors,2013-2014,7,5,3,15,51,31,First Round,1,0,12,3,0,26
Miami Heat,2013-2014,3,3,9,15,54,28,NBA Finals (Loss),3,0,9,4,2,29.4
Detroit Pistons,2013-2014,8,1,6,15,29,53,Lottery,0,0,8,5,2,25.1
Chicago Bulls,2013-2014,5,1,9,15,48,34,First Round,1,0,11,1,3,28.1
Phoenix Suns,2013-2014,3,6,6,15,48,34,Lottery,0,0,10,2,3,25.5
Cleveland Cavaliers,2013-2014,8,2,5,15,33,49,Lottery,1,0,9,3,3,23.8
Dallas Mavericks,2013-2014,4,1,10,15,49,33,First Round,1,0,8,5,2,27.7
Brooklyn Nets,2013-2014,2,6,7,15,44,38,Second Round,1,0,10,2,3,28.4
Milwaukee Bucks,2013-2014,5,5,5,15,15,67,Lottery,0,0,7,5,3,24.5
New York Knicks,2013-2014,2,5,8,15,37,45,Lottery,1,0,12,1,2,27.7
Denver Nuggets,2012-2013,5,8,2,15,57,25,First Round,0,0,12,1,2,24.1
Dallas Mavericks,2012-2013,5,3,7,15,41,41,Lottery,0,0,10,2,3,27.9
Los Angeles Clippers,2012-2013,3,3,9,15,56,26,First Round,2,0,8,6,1,28.6
Los Angeles Lakers,2012-2013,4,6,5,15,45,37,First Round,2,0,8,7,0,27.9
Phoenix Suns,2012-2013,2,5,8,15,25,57,Lottery,0,0,9,4,2,25.9
Brooklyn Nets,2012-2013,4,5,6,15,49,33,First Round,1,0,7,5,3,27.1
San Antonio Spurs,2012-2013,8,1,6,15,58,24,NBA Finals (Loss),2,0,7,6,2,27.3
New York Knicks,2012-2013,1,5,8,15,54,28,Second Round,2,0,10,2,3,30.3
Cleveland Cavaliers,2012-2013,6,4,4,15,24,58,Lottery,1,0,8,4,3,24.5
Indiana Pacers,2012-2013,7,2,6,15,49,32,Conference Finals,1,0,10,4,1,25.1
Golden State Warriors,2012-2013,6,5,4,15,47,35,Second Round,1,0,10,2,3,25.2
Memphis Grizzlies,2012-2013,4,6,5,15,56,26,Conference Finals,1,0,12,2,1,25.3
Oklahoma City Thunder,2012-2013,6,5,4,15,60,22,Second Round,2,0,14,1,0,25.3
Boston Celtics,2012-2013,5,5,5,15,41,40,First Round,2,0,13,1,1,26.7
Chicago Bulls,2012-2013,6,1,8,15,45,37,Second Round,2,0,13,1,1,27.1
Washington Wizards,2012-2013,6,5,4,15,29,53,Lottery,0,0,11,2,2,25.3
Milwaukee Bucks,2012-2013,5,6,4,15,38,44,First Round,0,0,9,3,3,26.7
Orlando Magic,2012-2013,3,9,2,14,20,62,Lottery,0,0,9,4,1,24.6
Atlanta Hawks,2012-2013,5,5,5,15,44,38,First Round,0,0,8,5,2,26.4
Minnesota Timberwolves,2012-2013,5,2,8,15,31,51,Lottery,0,0,6,5,4,25.5
Sacramento Kings,2012-2013,5,6,2,13,28,54,Lottery,0,0,10,2,1,24.9
Charlotte Hornets,2012-2013,5,5,5,15,21,61,Lottery,0,0,9,3,3,25.3
Toronto Raptors,2012-2013,5,4,6,15,34,48,Lottery,0,0,9,4,2,25.2
Houston Rockets,2012-2013,4,3,8,15,45,37,First Round,1,0,9,3,3,23.6
Utah Jazz,2012-2013,6,4,5,15,43,39,Lottery,0,0,9,5,1,25.4
Portland Trail Blazers,2012-2013,10,2,1,14,33,49,Lottery,1,0,12,1,1,23.6
Miami Heat,2012-2013,3,2,10,15,66,16,NBA Champion,3,1,8,4,3,30.4
Philadelphia Sixers,2012-2013,5,5,5,15,34,48,Lottery,1,0,10,3,2,25.4
New Orleans Pelicans,2012-2013,3,7,5,15,27,55,Lottery,0,0,9,2,4,23.9
Detroit Pistons,2012-2013,9,2,3,14,29,53,Lottery,0,0,7,4,3,25
Los Angeles Lakers,2011-2012,5,4,5,14,41,25,Second Round,2,0,7,7,0,26.2
Toronto Raptors,2011-2012,4,3,7,14,23,43,Lottery,0,0,7,3,4,25.1
New York Knicks,2011-2012,5,3,5,14,36,30,First Round,1,0,9,5,0,26.9
Washington Wizards,2011-2012,7,4,4,15,20,46,Lottery,0,0,9,3,3,25.1
Indiana Pacers,2011-2012,7,4,4,15,42,24,Second Round,1,0,10,4,1,25.9
Philadelphia Sixers,2011-2012,7,4,3,14,35,31,Second Round,1,0,9,4,1,24.5
Golden State Warriors,2011-2012,5,4,6,15,23,43,Lottery,0,0,9,3,3,25.2
Detroit Pistons,2011-2012,8,0,6,14,25,41,Lottery,0,0,8,2,4,26.5
Charlotte Hornets,2011-2012,4,7,3,14,7,59,Lottery,0,0,9,2,3,25.6
Denver Nuggets,2011-2012,3,9,3,15,38,28,First Round,0,0,12,0,3,25.1
Los Angeles Clippers,2011-2012,5,3,7,15,40,26,Second Round,2,0,8,6,1,26.7
Miami Heat,2011-2012,4,2,9,15,46,20,NBA Champion,3,1,8,4,3,28.1
Phoenix Suns,2011-2012,2,4,7,13,33,33,Lottery,1,0,10,2,1,28.1
New Jersey Nets,2011-2012,4,4,7,15,22,44,Lottery,1,0,11,2,2,24.8
Portland Trail Blazers,2011-2012,5,4,5,15,28,38,Lottery,1,0,13,1,1,25.6
Houston Rockets,2011-2012,5,5,5,15,34,32,Lottery,0,0,7,4,4,25.9
Cleveland Cavaliers,2011-2012,4,5,6,15,21,45,Lottery,0,0,5,5,5,24.9
New Orleans Pelicans,2011-2012,0,11,4,15,21,45,Lottery,0,0,9,2,4,24.7
Memphis Grizzlies,2011-2012,6,3,6,15,41,25,First Round,1,0,8,5,2,24.9
Oklahoma City Thunder,2011-2012,7,6,2,15,47,19,NBA Finals (Loss),2,0,14,1,0,25.5
Minnesota Timberwolves,2011-2012,7,5,3,15,26,40,Lottery,1,0,10,2,3,24.3
Milwaukee Bucks,2011-2012,6,7,2,15,31,35,Lottery,0,0,10,5,0,25
Orlando Magic,2011-2012,6,6,3,15,37,29,First Round,1,0,9,5,1,25.6
San Antonio Spurs,2011-2012,8,2,5,15,50,16,Conference Finals,1,0,7,7,1,26.4
Atlanta Hawks,2011-2012,4,2,9,15,40,26,First Round,1,0,11,2,2,29.1
Dallas Mavericks,2011-2012,3,5,7,15,36,30,First Round,1,0,13,1,1,29.1
Boston Celtics,2011-2012,5,4,6,15,39,27,Conference Finals,2,0,10,3,2,27.3
Chicago Bulls,2011-2012,6,2,6,14,50,16,First Round,2,0,7,4,3,27.6
Utah Jazz,2011-2012,6,3,6,15,36,30,First Round,0,0,9,4,2,25.7
Sacramento Kings,2011-2012,8,3,3,14,22,44,Lottery,0,0,9,4,1,24
Houston Rockets,2010-2011,4,7,4,15,43,39,Lottery,1,0,8,3,4,24.8
New Orleans Pelicans,2010-2011,3,10,2,15,46,36,First Round,1,0,8,6,1,26.2
Memphis Grizzlies,2010-2011,8,3,3,14,46,36,Second Round,0,0,9,3,2,24.3
Oklahoma City Thunder,2010-2011,8,6,1,15,55,27,Conference Finals,2,0,13,2,0,24.1
Minnesota Timberwolves,2010-2011,6,5,2,13,17,65,Lottery,1,0,11,1,1,23.2
Los Angeles Lakers,2010-2011,5,4,6,15,57,25,Second Round,2,0,9,5,1,28.7
Boston Celtics,2010-2011,4,4,7,15,56,26,Second Round,4,0,12,2,1,28.2
Cleveland Cavaliers,2010-2011,4,6,5,15,19,63,Lottery,0,0,6,6,3,25.2
Atlanta Hawks,2010-2011,5,4,6,15,44,38,Second Round,2,0,10,3,2,26.4
Washington Wizards,2010-2011,7,5,3,15,23,59,Lottery,0,0,8,3,4,24.4
Chicago Bulls,2010-2011,5,2,8,15,62,20,Conference Finals,1,1,6,6,3,27.5
Indiana Pacers,2010-2011,8,5,2,15,37,45,First Round,0,0,11,4,0,25.5
New Jersey Nets,2010-2011,2,6,7,15,24,58,Lottery,0,0,9,1,5,24.6
San Antonio Spurs,2010-2011,7,2,6,15,61,21,First Round,2,0,7,6,2,26.7
Utah Jazz,2010-2011,6,3,5,14,39,43,Lottery,1,0,5,7,2,26.2
Toronto Raptors,2010-2011,4,8,3,15,22,60,Lottery,0,0,9,4,2,23.8
Philadelphia Sixers,2010-2011,6,6,3,15,41,41,First Round,0,0,10,4,1,26
Denver Nuggets,2010-2011,2,8,4,14,50,32,First Round,1,0,11,0,3,25.8
Los Angeles Clippers,2010-2011,7,3,4,14,32,50,Lottery,1,0,8,5,1,24.4
Golden State Warriors,2010-2011,4,3,7,14,36,46,Lottery,0,0,8,1,5,25
Detroit Pistons,2010-2011,8,1,6,15,30,52,Lottery,0,0,10,3,2,26
Charlotte Hornets,2010-2011,2,9,4,15,34,48,Lottery,0,0,9,4,2,26.3
Dallas Mavericks,2010-2011,3,7,5,15,57,25,NBA Champion,1,0,13,1,1,28.6
Milwaukee Bucks,2010-2011,6,5,3,14,35,47,Lottery,0,0,8,5,1,26.3
Orlando Magic,2010-2011,4,5,4,13,52,30,First Round,1,0,9,3,1,26.3
Miami Heat,2010-2011,3,2,10,15,58,24,NBA Finals (Loss),3,0,9,4,2,29.4
Portland Trail Blazers,2010-2011,9,2,4,15,48,34,First Round,0,0,10,2,3,24.9
Phoenix Suns,2010-2011,2,7,5,14,40,42,Lottery,0,0,10,2,2,27.2
New York Knicks,2010-2011,3,8,3,15,42,40,First Round,1,0,8,6,1,26.2
Sacramento Kings,2010-2011,6,6,2,14,24,58,Lottery,0,0,8,4,2,24
San Antonio Spurs,2009-2010,6,2,7,15,50,32,Second Round,1,0,6,6,3,26.1
Indiana Pacers,2009-2010,6,4,4,14,32,50,Lottery,0,0,10,4,0,25.8
Atlanta Hawks,2009-2010,4,3,6,13,53,29,Second Round,2,0,9,1,3,26.3
Denver Nuggets,2009-2010,3,7,5,15,53,29,First Round,2,0,10,0,5,26.7
Oklahoma City Thunder,2009-2010,9,3,3,15,50,32,First Round,1,0,12,1,2,23.8
New Orleans Pelicans,2009-2010,5,4,4,13,37,45,Lottery,1,0,9,4,0,27
Memphis Grizzlies,2009-2010,8,3,3,15,40,42,Lottery,1,0,11,3,1,23.8
Washington Wizards,2009-2010,3,7,6,16,26,56,Lottery,0,0,8,2,6,25.9
New York Knicks,2009-2010,4,7,3,14,29,53,Lottery,1,0,10,3,1,25.4
Milwaukee Bucks,2009-2010,6,6,2,15,46,36,First Round,0,0,8,6,1,27.4
Los Angeles Lakers,2009-2010,5,4,4,13,57,25,NBA Champion,2,0,10,1,2,26.9
Dallas Mavericks,2009-2010,2,9,2,13,55,27,First Round,2,0,10,1,2,29.6
Houston Rockets,2009-2010,6,5,4,15,42,40,Lottery,0,0,7,6,2,25.3
Los Angeles Clippers,2009-2010,4,8,2,14,29,53,Lottery,1,0,8,5,1,25.6
Cleveland Cavaliers,2009-2010,5,5,5,15,61,21,Second Round,1,1,8,5,2,27.1
Boston Celtics,2009-2010,5,3,7,15,50,32,NBA Finals (Loss),3,0,10,2,3,28.1
Charlotte Hornets,2009-2010,5,7,2,15,44,38,First Round,1,0,12,2,1,26.1
New Jersey Nets,2009-2010,4,9,1,14,12,70,Lottery,0,0,10,3,1,25.4
Phoenix Suns,2009-2010,6,2,5,14,54,28,Conference Finals,2,0,9,3,2,26.4
Sacramento Kings,2009-2010,6,4,3,13,25,57,Lottery,0,0,8,3,2,24.1
Chicago Bulls,2009-2010,6,6,3,15,41,41,First Round,1,0,9,2,4,25.5
Detroit Pistons,2009-2010,6,1,7,14,27,55,Lottery,0,0,9,2,3,26.4
Portland Trail Blazers,2009-2010,10,1,4,15,50,32,First Round,1,0,11,4,0,25.2
Minnesota Timberwolves,2009-2010,4,6,5,15,15,67,Lottery,0,0,8,5,2,24
Philadelphia Sixers,2009-2010,8,3,3,14,27,55,Lottery,1,0,9,5,0,25.4
Golden State Warriors,2009-2010,5,2,8,15,26,56,Lottery,0,0,7,2,6,24.4
Miami Heat,2009-2010,5,2,9,16,47,35,First Round,1,0,7,3,6,26.4
Utah Jazz,2009-2010,6,1,6,13,53,29,Second Round,1,0,3,6,4,24.5
Toronto Raptors,2009-2010,3,8,4,15,40,42,Lottery,1,0,10,3,2,25.2
Orlando Magic,2009-2010,4,3,6,13,59,23,Conference Finals,1,0,8,5,0,27.8
Houston Rockets,2008-2009,5,6,4,15,53,29,Second Round,1,0,9,5,1,27.4
Detroit Pistons,2008-2009,6,3,4,13,39,43,First Round,1,0,9,2,2,26.7
Denver Nuggets,2008-2009,4,6,4,14,54,28,Conference Finals,1,0,10,2,2,26.2
Portland Trail Blazers,2008-2009,9,3,3,15,54,28,First Round,1,0,12,2,1,24
Milwaukee Bucks,2008-2009,6,5,4,15,34,48,Lottery,0,0,5,7,3,26.5
Los Angeles Lakers,2008-2009,6,5,3,14,65,17,NBA Champion,2,0,9,3,2,25.2
Philadelphia Sixers,2008-2009,7,2,5,14,41,41,First Round,0,0,10,3,1,26.5
Miami Heat,2008-2009,5,3,7,15,43,39,First Round,1,0,7,3,5,25.5
Dallas Mavericks,2008-2009,2,8,5,15,50,32,Second Round,1,0,10,2,3,27.3
Utah Jazz,2008-2009,9,2,4,15,48,34,First Round,0,0,7,7,1,25.2
Minnesota Timberwolves,2008-2009,4,9,2,15,24,58,Lottery,0,0,10,3,2,25.7
Orlando Magic,2008-2009,5,4,5,14,59,23,NBA Finals (Loss),3,0,9,4,1,27.5
Indiana Pacers,2008-2009,5,8,2,15,36,46,Lottery,1,0,10,3,2,26.4
Chicago Bulls,2008-2009,7,5,3,15,41,41,First Round,0,0,9,2,4,26.4
San Antonio Spurs,2008-2009,5,2,8,15,54,28,First Round,2,0,8,4,3,29
Atlanta Hawks,2008-2009,5,2,8,15,47,35,Second Round,1,0,7,3,5,24.6
Washington Wizards,2008-2009,6,5,4,15,19,63,Lottery,0,0,10,4,1,26
Oklahoma City Thunder,2008-2009,7,5,3,15,23,59,Lottery,0,0,10,3,2,25.1
Memphis Grizzlies,2008-2009,6,4,4,14,24,58,Lottery,0,0,8,3,3,24.7
New Orleans Pelicans,2008-2009,4,4,6,14,49,33,First Round,2,0,10,3,1,28.2
Los Angeles Clippers,2008-2009,5,5,4,14,19,63,Lottery,0,0,10,4,0,25.8
New York Knicks,2008-2009,4,6,5,15,32,50,Lottery,0,0,11,3,1,24.9
Toronto Raptors,2008-2009,5,4,6,15,33,49,Lottery,1,0,9,4,2,25.3
Golden State Warriors,2008-2009,5,2,7,14,29,53,Lottery,0,0,6,4,4,23.6
Sacramento Kings,2008-2009,4,8,1,13,17,65,Lottery,0,0,11,1,1,25.5
Cleveland Cavaliers,2008-2009,6,5,4,15,66,16,Conference Finals,2,1,8,4,3,26.3
Boston Celtics,2008-2009,9,2,4,15,62,20,Second Round,3,0,8,6,1,26.6
New Jersey Nets,2008-2009,5,7,2,14,34,48,Lottery,1,0,10,4,0,24.8
Phoenix Suns,2008-2009,5,3,5,13,46,36,Lottery,2,0,10,2,1,27
Charlotte Hornets,2008-2009,5,6,3,15,35,47,Lottery,0,0,11,1,3,25.5
Minnesota Timberwolves,2007-2008,5,8,1,14,22,60,Lottery,0,0,9,5,0,25.2
Denver Nuggets,2007-2008,3,7,4,14,50,32,First Round,2,0,8,3,3,26.5
New Orleans Pelicans,2007-2008,4,5,5,14,56,26,Second Round,2,0,9,2,3,27
New York Knicks,2007-2008,5,7,3,15,23,59,Lottery,0,0,12,2,1,25.4
Toronto Raptors,2007-2008,3,5,6,14,41,41,First Round,1,0,9,2,3,26.1
Charlotte Hornets,2007-2008,7,2,4,14,32,50,Lottery,0,0,9,3,2,25.7
Golden State Warriors,2007-2008,7,3,4,14,48,34,Lottery,0,0,8,4,2,24.1
Cleveland Cavaliers,2007-2008,4,6,5,15,45,37,Second Round,1,0,6,3,6,27.4
Boston Celtics,2007-2008,7,2,6,15,66,16,NBA Champion,3,0,9,6,0,27.8
Memphis Grizzlies,2007-2008,5,5,4,14,22,60,Lottery,0,0,11,2,1,24.8
Houston Rockets,2007-2008,6,5,4,15,55,27,First Round,1,0,8,5,2,27.5
Phoenix Suns,2007-2008,4,2,8,14,55,27,First Round,2,0,9,3,2,28.9
Detroit Pistons,2007-2008,6,4,5,15,59,23,Conference Finals,3,0,12,2,1,27.3
New Jersey Nets,2007-2008,5,8,1,14,34,48,Lottery,1,0,12,1,1,26.2
Los Angeles Lakers,2007-2008,6,4,5,15,57,25,NBA Finals (Loss),1,1,9,3,3,25.6
San Antonio Spurs,2007-2008,4,2,9,15,56,26,Conference Finals,1,0,10,2,3,30.6
Portland Trail Blazers,2007-2008,8,4,2,14,41,41,Lottery,1,0,10,4,0,23.2
Milwaukee Bucks,2007-2008,5,1,8,14,26,56,Lottery,0,0,4,8,2,25.9
Miami Heat,2007-2008,3,5,9,17,15,67,Lottery,1,0,8,3,6,26
Indiana Pacers,2007-2008,5,5,5,15,36,46,Lottery,0,0,10,2,3,25.8
Utah Jazz,2007-2008,8,1,5,14,54,28,Second Round,1,0,5,8,1,24.5
Orlando Magic,2007-2008,5,6,4,15,52,30,Second Round,1,0,9,4,2,26.5
Dallas Mavericks,2007-2008,2,6,7,15,51,31,First Round,1,0,12,1,2,28.9
Chicago Bulls,2007-2008,9,4,1,15,33,49,Lottery,0,0,10,4,1,23.2
Los Angeles Clippers,2007-2008,4,2,9,15,23,59,Lottery,0,0,8,4,3,25.6
Atlanta Hawks,2007-2008,7,2,4,13,37,45,First Round,1,0,8,3,2,23.5
Philadelphia Sixers,2007-2008,8,3,3,14,40,42,First Round,0,0,6,4,4,24.8
Washington Wizards,2007-2008,5,3,5,13,43,39,First Round,2,0,8,5,0,25.8
Seattle SuperSonics,2007-2008,8,5,2,15,20,62,Lottery,0,0,9,3,3,25.2
Sacramento Kings,2007-2008,4,6,4,14,38,44,Lottery,0,0,11,1,2,26.9
New Orleans Pelicans,2006-2007,6,6,3,15,39,43,Lottery,0,0,8,4,3,25.2
Orlando Magic,2006-2007,5,6,4,15,40,42,First Round,1,0,9,4,2,25.6
New York Knicks,2006-2007,5,6,4,15,33,49,Lottery,0,0,12,2,1,25.3
Detroit Pistons,2006-2007,5,2,8,15,53,29,Conference Finals,2,0,11,3,1,27.8
Washington Wizards,2006-2007,3,3,9,15,41,41,First Round,2,0,7,6,2,26
Miami Heat,2006-2007,3,4,8,15,44,38,First Round,2,0,11,1,3,28.2
Chicago Bulls,2006-2007,6,4,5,15,49,33,Second Round,0,0,7,3,5,25
Portland Trail Blazers,2006-2007,7,5,3,15,32,50,Lottery,0,0,13,0,2,24.1
Memphis Grizzlies,2006-2007,7,2,5,14,22,60,Lottery,0,0,8,3,3,25
Minnesota Timberwolves,2006-2007,5,4,4,13,32,50,Lottery,1,0,5,6,2,26.3
Denver Nuggets,2006-2007,3,6,6,15,45,37,First Round,2,0,8,4,3,25.3
Golden State Warriors,2006-2007,6,6,2,14,42,40,Second Round,0,0,8,3,3,24.6
Charlotte Hornets,2006-2007,5,2,6,15,33,49,Lottery,0,0,8,4,3,25.8
Dallas Mavericks,2006-2007,4,4,7,15,67,15,First Round,2,1,11,1,3,27.5
Toronto Raptors,2006-2007,6,4,5,15,47,35,First Round,1,0,10,2,3,25.5
Sacramento Kings,2006-2007,3,6,4,13,33,49,Lottery,0,0,10,0,3,26.4
Atlanta Hawks,2006-2007,7,3,5,15,30,52,Lottery,1,0,8,5,2,24.4
Cleveland Cavaliers,2006-2007,5,4,6,15,50,32,NBA Finals (Loss),1,0,8,3,4,26.8
New Jersey Nets,2006-2007,8,5,2,15,41,41,Second Round,2,0,9,5,1,26
Houston Rockets,2006-2007,4,7,4,15,52,30,First Round,2,0,10,3,2,27.1
Milwaukee Bucks,2006-2007,6,4,5,15,28,54,Lottery,0,0,3,8,4,24.8
Philadelphia Sixers,2006-2007,7,3,4,14,35,47,Lottery,0,0,7,4,3,25.3
Boston Celtics,2006-2007,9,4,2,15,24,58,Lottery,0,0,11,3,1,24.3
Los Angeles Clippers,2006-2007,5,3,7,15,40,42,Lottery,0,0,7,4,4,25.9
Utah Jazz,2006-2007,7,3,3,13,51,31,Conference Finals,2,0,6,7,0,24.7
Seattle SuperSonics,2006-2007,7,4,4,15,31,51,Lottery,1,0,8,4,3,25.1
Los Angeles Lakers,2006-2007,7,4,4,15,42,40,First Round,1,0,10,3,2,25.2
Phoenix Suns,2006-2007,3,3,8,14,61,21,Second Round,3,0,10,2,2,28.5
Indiana Pacers,2006-2007,5,8,1,15,35,47,Lottery,1,0,9,2,4,26
San Antonio Spurs,2006-2007,4,2,9,15,58,24,NBA Champion,2,0,8,4,3,28.7
Denver Nuggets,2005-2006,5,5,5,15,44,38,First Round,0,0,8,5,2,26.4
Milwaukee Bucks,2005-2006,5,5,5,15,40,42,First Round,0,0,7,6,2,26.1
Seattle SuperSonics,2005-2006,5,5,3,13,35,47,Lottery,1,0,7,2,4,24.7
Los Angeles Clippers,2005-2006,4,4,7,15,47,35,Second Round,1,0,9,3,3,26.1
Utah Jazz,2005-2006,6,1,7,14,41,41,Lottery,0,0,4,6,4,24.1
Phoenix Suns,2005-2006,4,4,6,14,54,28,Conference Finals,2,1,9,3,2,26.5
Golden State Warriors,2005-2006,9,2,3,14,34,48,Lottery,0,0,11,2,1,24.3
Los Angeles Lakers,2005-2006,8,3,4,15,45,37,First Round,1,0,10,3,2,24.5
Cleveland Cavaliers,2005-2006,5,4,6,15,50,32,Second Round,1,0,8,4,3,25.7
San Antonio Spurs,2005-2006,4,1,9,14,63,19,Second Round,2,0,8,3,3,29
New Orleans Pelicans,2005-2006,4,9,2,15,38,44,Lottery,0,0,7,5,3,26
New York Knicks,2005-2006,3,8,4,15,23,59,Lottery,0,0,11,2,2,25.4
Washington Wizards,2005-2006,5,3,7,15,42,40,First Round,1,0,7,5,3,25.2
New Jersey Nets,2005-2006,5,3,7,15,49,33,Second Round,1,0,12,3,0,27.4
Sacramento Kings,2005-2006,2,9,3,14,44,38,First Round,0,0,10,2,2,25.8
Portland Trail Blazers,2005-2006,7,4,3,14,21,61,Lottery,0,0,11,3,0,24
Boston Celtics,2005-2006,8,5,1,14,33,49,Lottery,1,0,10,3,1,24.1
Detroit Pistons,2005-2006,5,4,6,15,64,18,Conference Finals,4,0,11,2,2,27.5
Miami Heat,2005-2006,3,5,7,15,52,30,NBA Champion,2,0,11,2,2,27.6
Indiana Pacers,2005-2006,7,4,3,14,41,41,First Round,1,0,10,2,2,26.7
Charlotte Hornets,2005-2006,4,4,4,14,26,56,Lottery,0,0,8,3,3,24.4
Philadelphia Sixers,2005-2006,7,3,3,13,38,44,Lottery,1,0,7,4,2,24.9
Chicago Bulls,2005-2006,5,3,7,15,41,41,First Round,0,0,6,4,5,25
Dallas Mavericks,2005-2006,4,4,7,15,60,22,NBA Finals (Loss),1,0,9,0,6,26.1
Toronto Raptors,2005-2006,7,3,4,14,27,55,Lottery,1,0,6,4,4,25.9
Minnesota Timberwolves,2005-2006,3,6,5,14,33,49,Lottery,1,0,6,5,3,25.4
Houston Rockets,2005-2006,2,7,4,15,34,48,Lottery,2,0,7,4,4,27.8
Atlanta Hawks,2005-2006,6,3,4,13,26,56,Lottery,0,0,6,4,3,22.5
Orlando Magic,2005-2006,4,7,4,15,36,46,Lottery,0,0,10,3,2,25.9
Memphis Grizzlies,2005-2006,6,5,4,15,49,33,First Round,1,0,10,3,2,26.7
San Antonio Spurs,2004-2005,4,1,10,15,59,23,NBA Champion,2,0,8,3,4,27.9
Portland Trail Blazers,2004-2005,5,6,3,14,27,55,Lottery,0,0,10,3,1,25.1
Memphis Grizzlies,2004-2005,6,6,3,15,45,37,First Round,0,0,11,4,0,25.1
Cleveland Cavaliers,2004-2005,6,5,4,15,42,40,Lottery,2,0,9,4,2,25.6
Dallas Mavericks,2004-2005,4,8,3,15,58,24,Second Round,1,0,12,0,3,27
Boston Celtics,2004-2005,7,4,1,12,45,37,First Round,1,0,10,2,0,24.5
Milwaukee Bucks,2004-2005,3,6,5,14,30,52,Lottery,0,0,5,7,2,26.3
Miami Heat,2004-2005,3,3,9,15,59,23,Conference Finals,2,0,10,3,2,27.5
New York Knicks,2004-2005,2,7,5,14,33,49,Lottery,0,0,9,3,2,26.5
Philadelphia Sixers,2004-2005,6,8,1,15,43,39,First Round,1,0,9,4,2,26.5
Minnesota Timberwolves,2004-2005,3,3,8,14,44,38,Lottery,1,0,10,2,2,28.3
Denver Nuggets,2004-2005,3,4,8,15,49,33,First Round,0,0,7,7,1,27.2
Chicago Bulls,2004-2005,6,5,4,15,47,35,First Round,0,0,7,4,4,25.4
Toronto Raptors,2004-2005,5,6,4,15,33,49,Lottery,0,0,7,6,2,26.8
Sacramento Kings,2004-2005,3,6,4,14,50,32,First Round,0,0,8,3,3,26.7
Orlando Magic,2004-2005,3,9,4,16,36,46,Lottery,1,0,11,3,2,26.7
New Orleans Pelicans,2004-2005,3,8,2,13,18,64,Lottery,0,0,8,4,1,25.2
Los Angeles Lakers,2004-2005,5,6,4,15,34,48,Lottery,1,0,10,1,4,25.8
Golden State Warriors,2004-2005,6,4,2,12,34,48,Lottery,0,0,12,0,0,24.3
Utah Jazz,2004-2005,6,1,8,15,26,56,Lottery,0,0,6,6,3,25.1
Los Angeles Clippers,2004-2005,5,3,6,14,37,45,Lottery,0,0,7,4,3,25.3
Seattle SuperSonics,2004-2005,5,4,5,14,52,30,Second Round,2,0,9,3,2,25.1
Phoenix Suns,2004-2005,3,4,5,12,62,20,Conference Finals,3,1,9,1,2,26.2
Washington Wizards,2004-2005,7,2,6,15,45,37,Second Round,2,0,9,6,0,24.7
Indiana Pacers,2004-2005,8,4,4,16,44,38,Second Round,1,0,11,3,2,26.7
Houston Rockets,2004-2005,1,9,5,15,51,31,First Round,2,0,10,3,2,30.4
New Jersey Nets,2004-2005,5,2,7,14,42,40,First Round,1,0,9,4,1,27.1
Detroit Pistons,2004-2005,3,4,7,14,54,28,NBA Finals (Loss),1,0,9,0,5,27.2
Atlanta Hawks,2004-2005,5,6,4,15,13,69,Lottery,0,0,9,4,2,26.2
Charlotte Hornets,2004-2005,2,4,4,14,18,64,Lottery,0,0,7,5,2,24.5
Memphis Grizzlies,2003-2004,5,7,3,15,50,32,First Round,0,0,12,1,2,24.5
Phoenix Suns,2003-2004,5,8,0,13,29,53,Lottery,0,0,9,4,0,23.7
San Antonio Spurs,2003-2004,3,1,11,15,57,25,Second Round,1,0,7,4,4,27.3
Washington Wizards,2003-2004,6,3,4,14,25,57,Lottery,0,0,9,4,1,25.1
Miami Heat,2003-2004,4,2,9,15,42,40,Second Round,0,0,7,6,2,25.9
Atlanta Hawks,2003-2004,5,4,6,15,28,54,Lottery,0,0,10,5,0,26.7
Boston Celtics,2003-2004,4,9,2,15,36,46,First Round,1,0,10,3,2,25.2
Indiana Pacers,2003-2004,10,3,2,15,61,21,Conference Finals,2,0,12,3,0,25.9
Houston Rockets,2003-2004,4,2,7,13,45,37,First Round,2,0,10,1,2,28.1
Detroit Pistons,2003-2004,3,5,5,13,54,28,NBA Champion,1,0,8,2,3,27
Los Angeles Lakers,2003-2004,6,0,8,14,56,26,NBA Finals (Loss),2,0,10,3,1,28.3
Toronto Raptors,2003-2004,3,7,5,15,33,49,Lottery,1,0,10,3,2,27.4
Utah Jazz,2003-2004,7,2,5,14,42,40,Lottery,1,0,7,4,3,24.9
New Orleans Pelicans,2003-2004,3,6,5,14,41,41,First Round,2,0,9,2,3,29.1
New York Knicks,2003-2004,2,8,5,15,39,43,First Round,0,0,11,3,1,27.6
Golden State Warriors,2003-2004,5,6,4,15,37,45,Lottery,0,0,8,5,2,27.5
Milwaukee Bucks,2003-2004,4,4,5,13,41,41,First Round,1,0,7,3,3,26.2
Cleveland Cavaliers,2003-2004,6,5,3,14,35,47,Lottery,0,0,7,5,2,24.8
New Jersey Nets,2003-2004,8,1,5,14,47,35,Second Round,2,0,10,3,1,27.2
Philadelphia Sixers,2003-2004,5,7,3,15,33,49,Lottery,1,0,7,7,1,27
Dallas Mavericks,2003-2004,3,8,3,15,52,30,First Round,1,0,11,1,3,27.2
Minnesota Timberwolves,2003-2004,3,3,8,14,58,24,Conference Finals,2,1,10,2,2,28.6
Denver Nuggets,2003-2004,5,2,7,15,43,39,First Round,0,0,8,5,2,25.6
Chicago Bulls,2003-2004,5,3,7,15,23,59,Lottery,0,0,9,1,5,25.8
Sacramento Kings,2003-2004,3,4,6,13,55,27,Second Round,2,0,8,4,1,28.4
Orlando Magic,2003-2004,4,7,4,15,21,61,Lottery,1,0,9,5,1,25.1
Los Angeles Clippers,2003-2004,6,3,5,14,28,54,Lottery,0,0,7,6,1,23.9
Portland Trail Blazers,2003-2004,3,7,5,15,41,41,Lottery,0,0,11,2,2,25.3
Seattle SuperSonics,2003-2004,4,4,7,15,37,45,Lottery,1,0,8,5,2,25.2
New Jersey Nets,2002-2003,7,3,4,14,49,33,NBA Finals (Loss),1,0,8,5,1,26.9
Milwaukee Bucks,2002-2003,5,7,1,13,42,40,First Round,0,0,8,5,0,27.2
Minnesota Timberwolves,2002-2003,4,3,8,15,51,31,First Round,1,0,10,3,2,27.5
Philadelphia Sixers,2002-2003,5,6,4,15,48,34,Second Round,1,0,11,4,0,26.7
Miami Heat,2002-2003,4,3,8,15,25,57,Lottery,0,0,7,5,3,26.4
Chicago Bulls,2002-2003,9,1,5,15,30,52,Lottery,0,0,9,4,2,24.5
Sacramento Kings,2002-2003,4,5,6,15,59,23,Second Round,2,0,12,2,1,27.5
Orlando Magic,2002-2003,2,6,6,14,42,40,First Round,1,0,8,4,2,26.1
Utah Jazz,2002-2003,9,0,6,15,47,35,First Round,0,0,11,2,2,28.1
Dallas Mavericks,2002-2003,2,7,6,15,60,22,Conference Finals,2,0,7,4,4,28.5
Portland Trail Blazers,2002-2003,4,7,4,15,50,32,First Round,0,0,10,5,0,28.2
Seattle SuperSonics,2002-2003,3,7,4,14,40,42,Lottery,1,0,6,6,2,25.5
Memphis Grizzlies,2002-2003,5,7,2,14,28,54,Lottery,0,0,10,3,1,24
Boston Celtics,2002-2003,3,7,4,14,44,38,Second Round,2,0,9,4,1,27.7
Phoenix Suns,2002-2003,5,6,3,14,44,38,First Round,2,0,8,4,2,25.8
San Antonio Spurs,2002-2003,4,4,5,13,60,22,NBA Champion,1,1,7,4,2,29.3
Washington Wizards,2002-2003,5,3,6,14,37,45,Lottery,1,0,11,3,0,26.5
New York Knicks,2002-2003,3,6,6,15,37,45,Lottery,0,0,9,6,0,28
Indiana Pacers,2002-2003,9,4,2,15,48,34,First Round,2,0,12,1,2,25.4
Houston Rockets,2002-2003,8,3,3,14,43,39,Lottery,2,0,9,4,1,25
Atlanta Hawks,2002-2003,6,4,5,15,35,47,Lottery,0,0,9,1,5,26.4
Los Angeles Lakers,2002-2003,5,2,6,13,50,32,Second Round,2,0,11,0,2,27.1
New Orleans Pelicans,2002-2003,3,7,4,14,47,35,First Round,1,0,11,1,2,27.9
Toronto Raptors,2002-2003,4,8,4,16,24,58,Lottery,1,0,10,6,0,27.6
Los Angeles Clippers,2002-2003,8,4,3,15,27,55,Lottery,0,0,11,4,0,24.8
Detroit Pistons,2002-2003,3,8,4,15,50,32,Conference Finals,1,0,7,4,4,28.5
Golden State Warriors,2002-2003,7,4,1,12,38,44,Lottery,0,0,10,1,1,24.7
Cleveland Cavaliers,2002-2003,5,5,2,12,17,65,Lottery,1,0,7,1,4,22.3
Denver Nuggets,2002-2003,4,5,5,14,17,65,Lottery,0,0,6,4,4,23.3
Detroit Pistons,2001-2002,3,7,4,15,50,32,Second Round,0,0,6,3,6,27.5
Atlanta Hawks,2001-2002,7,4,5,16,33,49,Lottery,1,0,10,3,3,25.6
Indiana Pacers,2001-2002,8,5,2,15,42,40,First Round,1,0,11,2,2,24.1
New Jersey Nets,2001-2002,7,2,5,14,52,30,NBA Finals (Loss),1,0,7,6,1,25.3
Los Angeles Clippers,2001-2002,6,3,6,15,39,43,Lottery,1,0,8,5,2,24.6
Seattle SuperSonics,2001-2002,7,2,6,15,45,37,First Round,1,0,5,9,1,25
Washington Wizards,2001-2002,5,6,3,14,37,45,Lottery,1,0,9,4,1,25.9
Cleveland Cavaliers,2001-2002,6,7,2,15,29,53,Lottery,0,0,13,2,0,25.4
Milwaukee Bucks,2001-2002,5,5,4,14,41,41,Lottery,1,0,8,5,1,27.9
Houston Rockets,2001-2002,7,4,4,15,28,54,Lottery,1,0,9,4,2,25.7
Philadelphia Sixers,2001-2002,5,7,3,15,43,39,First Round,2,0,10,4,1,26.6
Denver Nuggets,2001-2002,3,6,6,15,27,55,Lottery,0,0,7,3,5,26.4
New York Knicks,2001-2002,2,7,5,14,30,52,Lottery,0,0,9,4,1,29.2
Golden State Warriors,2001-2002,5,8,1,14,21,61,Lottery,0,0,10,3,1,25.4
Miami Heat,2001-2002,2,4,9,15,36,46,Lottery,1,0,9,3,3,27.9
Chicago Bulls,2001-2002,7,4,2,13,21,61,Lottery,0,0,8,3,2,24.1
Sacramento Kings,2001-2002,4,5,4,13,61,21,Conference Finals,2,0,10,3,0,26.9
Orlando Magic,2001-2002,3,5,7,15,44,38,First Round,1,0,9,3,3,27.8
Utah Jazz,2001-2002,9,1,4,14,44,38,First Round,1,0,8,2,4,28.3
Dallas Mavericks,2001-2002,3,7,5,15,57,25,Second Round,2,0,7,6,2,27.8
Toronto Raptors,2001-2002,3,9,4,16,42,40,First Round,1,0,10,3,3,28
Portland Trail Blazers,2001-2002,4,7,4,15,49,33,First Round,0,0,9,4,2,28.2
Minnesota Timberwolves,2001-2002,5,3,7,15,50,32,First Round,2,0,10,3,2,26.5
Memphis Grizzlies,2001-2002,5,5,4,14,23,59,Lottery,0,0,8,5,1,25.3
Los Angeles Lakers,2001-2002,4,2,7,13,58,24,NBA Champion,2,0,11,1,1,27.5
Boston Celtics,2001-2002,4,8,3,15,49,33,Conference Finals,2,0,12,2,1,25.1
Phoenix Suns,2001-2002,3,8,3,14,36,46,Lottery,0,0,8,3,3,25.7
Charlotte Hornets (1988),2001-2002,4,6,4,14,44,38,Second Round,1,0,10,2,2,27.4
San Antonio Spurs,2001-2002,3,2,10,15,58,24,Second Round,1,1,10,4,1,28.4
Sacramento Kings,2000-2001,5,3,6,14,55,27,Second Round,2,0,10,2,2,27
Orlando Magic,2000-2001,2,4,8,14,43,39,First Round,2,0,8,2,4,26.1
Utah Jazz,2000-2001,8,1,5,14,53,29,First Round,1,0,10,1,3,29.4
Dallas Mavericks,2000-2001,4,7,4,15,53,29,Second Round,1,0,8,7,0,25.8
Toronto Raptors,2000-2001,2,9,2,13,47,35,Second Round,2,0,9,2,2,27.9
Phoenix Suns,2000-2001,2,4,7,13,51,31,First Round,1,0,7,5,1,28.7
Seattle SuperSonics,2000-2001,5,3,4,12,44,38,Lottery,1,0,5,6,1,26.6
Minnesota Timberwolves,2000-2001,5,3,7,15,47,35,First Round,1,0,11,3,1,27.2
Portland Trail Blazers,2000-2001,2,6,7,15,50,32,First Round,1,0,13,1,1,30.4
Boston Celtics,2000-2001,3,7,5,15,36,46,Lottery,0,0,9,4,2,25.4
Charlotte Hornets (1988),2000-2001,3,5,6,14,46,36,Second Round,0,0,9,2,3,28.3
San Antonio Spurs,2000-2001,3,3,9,15,58,24,Conference Finals,2,0,8,4,3,29.1
Detroit Pistons,2000-2001,2,8,4,14,32,50,Lottery,1,0,7,2,5,26.8
Atlanta Hawks,2000-2001,7,5,1,13,25,57,Lottery,1,0,9,3,1,24.4
Indiana Pacers,2000-2001,6,3,6,15,41,41,First Round,0,0,11,4,0,26.6
Miami Heat,2000-2001,1,8,6,15,50,32,First Round,2,0,10,3,2,29
Washington Wizards,2000-2001,3,8,4,15,19,63,Lottery,0,0,7,6,2,26.7
Los Angeles Lakers,2000-2001,5,3,7,15,56,26,NBA Champion,2,0,12,1,2,27.6
Los Angeles Clippers,2000-2001,7,4,4,15,31,51,Lottery,0,0,9,3,3,24.1
Milwaukee Bucks,2000-2001,6,6,3,15,52,30,Conference Finals,2,0,8,5,2,26.7
Cleveland Cavaliers,2000-2001,5,8,2,15,30,52,Lottery,0,0,11,4,0,26.6
Houston Rockets,2000-2001,6,3,5,14,45,37,Lottery,0,0,8,4,2,26.3
Philadelphia Sixers,2000-2001,4,5,6,15,56,26,NBA Finals (Loss),2,1,8,4,3,25.9
Denver Nuggets,2000-2001,3,7,5,15,40,42,Lottery,1,0,8,5,2,27.5
New York Knicks,2000-2001,2,9,3,15,48,34,First Round,2,0,12,2,1,29.1
Golden State Warriors,2000-2001,5,9,2,16,17,65,Lottery,0,0,12,2,2,26.3
Vancouver Grizzlies,2000-2001,4,5,5,14,23,59,Lottery,0,0,7,5,2,27.9
New Jersey Nets,2000-2001,5,5,8,18,26,56,Lottery,1,0,6,9,3,26.7
Chicago Bulls,2000-2001,10,1,4,15,15,67,Lottery,0,0,8,5,2,22.7
Philadelphia Sixers,1999-2000,4,5,5,14,49,33,Second Round,1,0,7,5,2,25.9
Cleveland Cavaliers,1999-2000,8,4,3,15,32,50,Lottery,0,0,10,4,1,25.6
Los Angeles Clippers,1999-2000,5,2,7,14,15,67,Lottery,0,0,9,1,4,25
Sacramento Kings,1999-2000,5,2,7,14,44,38,First Round,1,0,10,3,1,27.5
Houston Rockets,1999-2000,5,5,5,15,34,48,Lottery,0,0,8,5,2,27.4
Atlanta Hawks,1999-2000,6,3,3,12,28,54,Lottery,1,0,9,3,0,25.4
Denver Nuggets,1999-2000,6,4,4,14,35,47,Lottery,0,0,10,4,0,25.8
Detroit Pistons,1999-2000,3,4,7,14,42,40,First Round,2,0,9,1,4,28.4
Seattle SuperSonics,1999-2000,4,3,8,15,45,37,First Round,1,0,6,6,3,27.4
Vancouver Grizzlies,1999-2000,5,5,4,14,22,60,Lottery,0,0,8,5,1,26.7
Golden State Warriors,1999-2000,4,8,4,16,19,63,Lottery,0,0,13,2,1,26.2
New Jersey Nets,1999-2000,3,7,4,14,31,51,Lottery,0,0,6,8,0,27.6
New York Knicks,1999-2000,2,4,7,13,50,32,Conference Finals,1,0,8,3,2,29.7
Minnesota Timberwolves,1999-2000,5,4,4,13,50,32,First Round,1,0,10,3,0,26.5
Indiana Pacers,1999-2000,8,4,2,14,56,26,NBA Finals (Loss),2,0,13,1,0,28.4
Phoenix Suns,1999-2000,2,4,9,15,53,29,Second Round,1,0,12,3,0,28
Toronto Raptors,1999-2000,4,7,3,15,45,37,First Round,1,0,10,4,1,28
Dallas Mavericks,1999-2000,2,6,7,15,40,42,Lottery,1,0,7,5,3,26
Orlando Magic,1999-2000,3,6,6,15,41,41,Lottery,0,0,8,2,5,24.8
Portland Trail Blazers,1999-2000,2,4,9,15,59,23,Conference Finals,1,0,12,1,2,29
Boston Celtics,1999-2000,2,6,6,14,35,47,Lottery,0,0,12,1,1,26.1
San Antonio Spurs,1999-2000,3,3,8,14,53,29,First Round,2,0,7,5,2,29.8
Chicago Bulls,1999-2000,4,2,7,13,17,65,Lottery,0,0,8,4,1,26
Utah Jazz,1999-2000,7,2,3,12,55,27,Second Round,2,0,9,3,0,29.5
Miami Heat,1999-2000,2,4,8,15,52,30,Second Round,1,0,8,3,4,27.7
Charlotte Hornets (1988),1999-2000,2,4,7,14,49,33,First Round,1,0,7,2,5,27.5
Washington Wizards,1999-2000,5,3,7,15,29,53,Lottery,0,0,5,7,3,26.6
Los Angeles Lakers,1999-2000,5,4,5,14,67,15,NBA Champion,2,1,13,1,0,27.7
Milwaukee Bucks,1999-2000,4,5,5,14,42,40,First Round,2,0,9,3,2,26.6
