Team,Season,Draft_Draft_Trade,Trade,Free_Agency,Total_Roster,Wins,Losses,Team_Achievement,All-Star,MVP,First_Round_Draft,Second_Plus_Round_Draft,Undrafted,Avg_Age,Team,Abbrev,Nickname,Year
Los Angeles Lakers,2019-2020,2,1,12,15,51,18,N/A,0,0,11,2,2,28.3,Los Angeles Lakers,LAL,Lakers,2019
Atlanta Hawks,2019-2020,7,6,2,15,20,47,N/A,0,0,11,1,3,24.6,Atlanta Hawks,ATL,Hawks,2019
Charlotte Hornets,2019-2020,7,4,2,13,23,42,N/A,0,0,7,5,1,23.7,Charlotte Hornets,CHO,Hornets,2019
Houston Rockets,2019-2020,0,4,11,15,43,25,N/A,1,0,10,1,4,29,Houston Rockets,HOU,Rockets,2019
New Orleans Pelicans,2019-2020,4,5,6,15,30,40,N/A,1,0,10,3,2,24.6,New Orleans Pelicans,NOP,Pelicans,2019
Detroit Pistons,2019-2020,4,6,3,15,20,46,N/A,0,0,9,4,2,24.7,Detroit Pistons,DET,Pistons,2019
Boston Celtics,2019-2020,8,1,6,15,46,23,N/A,1,0,9,2,4,24.3,Boston Celtics,BOS,Celtics,2019
Utah Jazz,2019-2020,5,2,8,15,43,27,N/A,2,0,6,5,4,25.4,Utah Jazz,UTA,Jazz,2019
Los Angeles Clippers,2019-2020,2,7,6,15,47,22,N/A,0,0,8,5,2,27.2,Los Angeles Clippers,LAC,Clippers,2019
Memphis Grizzlies,2019-2020,4,6,5,15,33,38,N/A,0,0,10,2,3,23.5,Memphis Grizzlies,MEM,Grizzlies,2019
Golden State Warriors,2019-2020,7,1,5,13,15,50,N/A,0,0,6,3,4,24.2,Golden State Warriors,GSW,Warriors,2019
Sacramento Kings,2019-2020,5,5,5,15,29,40,N/A,0,0,10,3,2,25.5,Sacramento Kings,SAC,Kings,2019
Washington Wizards,2019-2020,5,5,4,15,24,46,N/A,0,0,9,4,2,24.4,Washington Wizards,WAS,Wizards,2019
Orlando Magic,2019-2020,5,5,5,15,32,38,N/A,0,0,10,3,2,25.3,Orlando Magic,ORL,Magic,2019
Philadelphia 76ers,2019-2020,5,5,5,15,42,27,N/A,1,0,8,6,1,25.4,Philadelphia 76ers,PHI,76ers,2019
Oklahoma City Thunder,2019-2020,5,6,4,15,43,26,N/A,1,0,9,4,2,24.3,Oklahoma City Thunder,OKC,Thunder,2019
Portland Trail Blazers,2019-2020,6,6,2,14,32,39,N/A,1,0,10,3,1,25.1,Portland Trail Blazers,POR,Trail Blazers,2019
New York Knicks,2019-2020,6,2,6,15,21,45,N/A,0,0,11,3,1,23.9,New York Knicks,NYK,NY Knicks,2019
Toronto Raptors,2019-2020,4,3,8,15,50,19,N/A,1,0,6,4,5,25.5,Toronto Raptors,TOR,Raptors,2019
San Antonio Spurs,2019-2020,6,2,7,15,31,38,N/A,0,0,12,2,1,25.7,San Antonio Spurs,SAS,Spurs,2019
Dallas Mavericks,2019-2020,2,8,6,16,42,30,N/A,0,0,9,2,5,26.6,Dallas Mavericks,DAL,Mavericks,2019
Phoenix Suns,2019-2020,6,4,5,15,31,39,N/A,1,0,10,3,2,23.5,Phoenix Suns,PHO,Suns,2019
Chicago Bulls,2019-2020,6,4,5,15,22,43,N/A,0,0,9,2,4,24,Chicago Bulls,CHI,Bulls,2019
Denver Nuggets,2019-2020,5,5,5,15,46,24,N/A,1,0,5,7,3,25,Denver Nuggets,DEN,Nuggets,2019
Cleveland Cavaliers,2019-2020,6,6,3,15,19,46,N/A,0,0,10,2,3,24,Cleveland Cavaliers,CLE,Cavaliers,2019
Indiana Pacers,2019-2020,5,4,6,15,43,27,N/A,1,0,9,3,3,24.6,Indiana Pacers,IND,Pacers,2019
Brooklyn Nets,2019-2020,5,2,9,16,33,36,N/A,0,0,9,5,2,25.6,Brooklyn Nets,BRK,Nets,2019
Milwaukee Bucks,2019-2020,4,3,8,15,55,15,N/A,1,0,8,6,1,28.7,Milwaukee Bucks,MIL,Bucks,2019
Miami Heat,2019-2020,3,6,6,15,43,27,N/A,2,0,7,3,5,26.6,Miami Heat,MIA,Heat,2019
Minnesota Timberwolves,2019-2020,4,9,1,14,19,45,N/A,0,0,10,3,1,22.9,Minnesota Timberwolves,MIN,Timberwolves,2019
Indiana Pacers,2018-2019,4,4,7,15,48,34,First Round,1,0,10,4,1,25.5,Indiana Pacers,IND,Pacers,2018
Philadelphia 76ers,2018-2019,5,6,4,15,51,31,Second Round,2,0,8,4,3,26.1,Philadelphia 76ers,PHI,76ers,2018
Dallas Mavericks,2018-2019,3,6,6,15,33,49,Lottery,1,0,8,2,5,27.5,Dallas Mavericks,DAL,Mavericks,2018
Portland Trail Blazers,2018-2019,7,4,4,15,53,29,Conference Finals,1,0,12,2,1,24.4,Portland Trail Blazers,POR,Trail Blazers,2018
Golden State Warriors,2018-2019,7,1,7,15,57,25,NBA Finals (Loss),3,0,10,3,2,27.4,Golden State Warriors,GSW,Warriors,2018
Charlotte Hornets,2018-2019,8,4,2,15,39,43,Lottery,1,0,11,4,0,25.7,Charlotte Hornets,CHO,Hornets,2018
Milwaukee Bucks,2018-2019,5,5,5,15,60,22,Conference Finals,2,1,9,5,1,26.9,Milwaukee Bucks,MIL,Bucks,2018
Chicago Bulls,2018-2019,4,6,5,15,22,60,Lottery,0,0,9,0,6,23.5,Chicago Bulls,CHI,Bulls,2018
Brooklyn Nets,2018-2019,5,4,6,15,42,40,First Round,1,0,9,4,2,24.6,Brooklyn Nets,BRK,Nets,2018
Utah Jazz,2018-2019,6,4,5,15,50,32,First Round,0,0,9,4,2,26.6,Utah Jazz,UTA,Jazz,2018
Minnesota Timberwolves,2018-2019,5,4,7,16,36,46,Lottery,1,0,11,1,4,26.3,Minnesota Timberwolves,MIN,Timberwolves,2018
Washington Wizards,2018-2019,4,4,6,15,32,50,Lottery,1,0,9,4,2,26,Washington Wizards,WAS,Wizards,2018
Oklahoma City Thunder,2018-2019,5,4,5,14,49,33,First Round,2,0,10,3,1,25.5,Oklahoma City Thunder,OKC,Thunder,2018
Atlanta Hawks,2018-2019,6,2,7,15,29,53,Lottery,0,0,10,1,4,24.3,Atlanta Hawks,ATL,Hawks,2018
New Orleans Pelicans,2018-2019,3,2,9,15,33,49,Lottery,1,0,7,4,4,24.5,New Orleans Pelicans,NOP,Pelicans,2018
Memphis Grizzlies,2018-2019,5,6,5,16,33,49,Lottery,0,0,9,6,1,25.6,Memphis Grizzlies,MEM,Grizzlies,2018
San Antonio Spurs,2018-2019,5,2,8,15,48,34,First Round,1,0,10,4,1,26.5,San Antonio Spurs,SAS,Spurs,2018
Denver Nuggets,2018-2019,8,3,4,15,54,28,Second Round,1,0,8,6,1,23.9,Denver Nuggets,DEN,Nuggets,2018
Orlando Magic,2018-2019,5,7,3,15,42,40,First Round,1,0,11,2,2,24.5,Orlando Magic,ORL,Magic,2018
Sacramento Kings,2018-2019,6,4,5,15,39,43,Lottery,0,0,11,2,2,24.5,Sacramento Kings,SAC,Kings,2018
Cleveland Cavaliers,2018-2019,3,9,3,15,19,63,Lottery,0,0,11,2,2,25.8,Cleveland Cavaliers,CLE,Cavaliers,2018
Detroit Pistons,2018-2019,4,4,7,15,41,41,First Round,1,0,6,6,3,26.4,Detroit Pistons,DET,Pistons,2018
Boston Celtics,2018-2019,7,2,6,15,49,33,Second Round,1,0,10,1,4,25.5,Boston Celtics,BOS,Celtics,2018
Houston Rockets,2018-2019,2,3,10,15,53,29,Second Round,1,0,9,2,4,27.2,Houston Rockets,HOU,Rockets,2018
Phoenix Suns,2018-2019,8,4,3,15,19,63,Lottery,0,0,9,4,2,23.5,Phoenix Suns,PHO,Suns,2018
New York Knicks,2018-2019,4,3,8,15,17,65,Lottery,0,0,8,3,4,22.9,New York Knicks,NYK,NY Knicks,2018
Toronto Raptors,2018-2019,3,5,7,15,58,24,NBA Champion,2,0,5,5,5,26.7,Toronto Raptors,TOR,Raptors,2018
Los Angeles Clippers,2018-2019,3,9,1,14,48,34,First Round,0,0,5,6,3,25.6,Los Angeles Clippers,LAC,Clippers,2018
Los Angeles Lakers,2018-2019,6,2,7,15,37,45,Lottery,1,0,11,3,1,25.5,Los Angeles Lakers,LAL,Lakers,2018
Miami Heat,2018-2019,3,3,9,15,39,43,Lottery,1,0,7,3,5,26.8,Miami Heat,MIA,Heat,2018
Boston Celtics,2017-2018,7,2,7,16,55,27,Conference Finals,2,0,11,2,3,24.7,Boston Celtics,BOS,Celtics,2017
Minnesota Timberwolves,2017-2018,5,2,8,15,47,35,First Round,2,0,12,1,2,26.5,Minnesota Timberwolves,MIN,Timberwolves,2017
New Orleans Pelicans,2017-2018,3,3,9,15,48,34,Second Round,2,0,9,5,1,26.6,New Orleans Pelicans,NOP,Pelicans,2017
Brooklyn Nets,2017-2018,4,7,4,15,28,54,Lottery,0,0,7,6,2,24.6,Brooklyn Nets,BRK,Nets,2017
Washington Wizards,2017-2018,5,4,6,15,43,39,First Round,2,0,9,5,1,27.1,Washington Wizards,WAS,Wizards,2017
Denver Nuggets,2017-2018,7,6,2,15,46,36,Lottery,0,0,12,3,0,25.9,Denver Nuggets,DEN,Nuggets,2017
Toronto Raptors,2017-2018,8,3,4,15,59,23,Second Round,2,0,10,3,2,24.7,Toronto Raptors,TOR,Raptors,2017
Detroit Pistons,2017-2018,4,5,6,15,39,43,Lottery,1,0,8,2,5,26.1,Detroit Pistons,DET,Pistons,2017
Indiana Pacers,2017-2018,4,4,7,15,48,34,First Round,1,0,9,5,1,24.9,Indiana Pacers,IND,Pacers,2017
Charlotte Hornets,2017-2018,6,4,4,14,36,46,Lottery,1,0,10,2,2,25.1,Charlotte Hornets,CHO,Hornets,2017
Sacramento Kings,2017-2018,7,3,5,15,27,55,Lottery,0,0,12,1,2,25.2,Sacramento Kings,SAC,Kings,2017
Atlanta Hawks,2017-2018,6,1,8,15,24,58,Lottery,0,0,5,2,8,23.9,Atlanta Hawks,ATL,Hawks,2017
Golden State Warriors,2017-2018,7,1,7,15,58,24,NBA Champion,4,0,10,4,1,27.6,Golden State Warriors,GSW,Warriors,2017
New York Knicks,2017-2018,3,3,9,15,29,53,Lottery,1,0,10,2,3,25.5,New York Knicks,NYK,NY Knicks,2017
Utah Jazz,2017-2018,6,3,6,15,48,34,Second Round,0,0,9,3,3,25.6,Utah Jazz,UTA,Jazz,2017
Chicago Bulls,2017-2018,4,7,3,15,27,55,Lottery,0,0,9,2,4,24.2,Chicago Bulls,CHI,Bulls,2017
Phoenix Suns,2017-2018,8,3,4,15,21,61,Lottery,0,0,10,2,3,23.6,Phoenix Suns,PHO,Suns,2017
San Antonio Spurs,2017-2018,7,0,8,15,47,35,First Round,1,0,8,5,2,28,San Antonio Spurs,SAS,Spurs,2017
Milwaukee Bucks,2017-2018,7,5,3,15,44,38,First Round,1,0,11,3,1,25.2,Milwaukee Bucks,MIL,Bucks,2017
Cleveland Cavaliers,2017-2018,2,8,5,15,50,32,NBA Finals (Loss),2,0,10,3,2,28,Cleveland Cavaliers,CLE,Cavaliers,2017
Orlando Magic,2017-2018,4,3,8,15,25,57,Lottery,0,0,10,2,3,25.1,Orlando Magic,ORL,Magic,2017
Los Angeles Clippers,2017-2018,3,9,3,15,42,40,Lottery,0,0,6,6,3,26.2,Los Angeles Clippers,LAC,Clippers,2017
Portland Trail Blazers,2017-2018,7,3,5,15,49,33,First Round,1,0,13,2,0,23.7,Portland Trail Blazers,POR,Trail Blazers,2017
Memphis Grizzlies,2017-2018,7,1,7,15,22,60,Lottery,0,0,5,7,3,25.4,Memphis Grizzlies,MEM,Grizzlies,2017
Philadelphia 76ers,2017-2018,7,1,7,15,52,30,Second Round,1,0,10,3,2,24.9,Philadelphia 76ers,PHI,76ers,2017
Los Angeles Lakers,2017-2018,7,4,4,15,35,47,Lottery,0,0,10,3,2,24.6,Los Angeles Lakers,LAL,Lakers,2017
Miami Heat,2017-2018,3,3,9,15,44,38,First Round,1,0,8,4,3,26.9,Miami Heat,MIA,Heat,2017
Oklahoma City Thunder,2017-2018,8,4,3,15,48,34,First Round,2,0,11,4,0,26.9,Oklahoma City Thunder,OKC,Thunder,2017
Houston Rockets,2017-2018,3,3,9,15,65,17,Conference Finals,1,1,8,5,2,28.6,Houston Rockets,HOU,Rockets,2017
Dallas Mavericks,2017-2018,2,3,10,15,24,58,Lottery,0,0,5,1,9,26.3,Dallas Mavericks,DAL,Mavericks,2017
Charlotte Hornets,2016-2017,4,4,7,15,36,46,Lottery,1,0,9,2,4,25.3,Charlotte Hornets,CHO,Hornets,2016
Denver Nuggets,2016-2017,7,7,1,15,40,42,Lottery,0,0,13,2,0,25.3,Denver Nuggets,DEN,Nuggets,2016
Brooklyn Nets,2016-2017,4,2,9,15,20,62,Lottery,0,0,7,6,2,24.9,Brooklyn Nets,BRK,Nets,2016
Milwaukee Bucks,2016-2017,6,5,4,15,42,40,First Round,1,0,10,2,3,24.9,Milwaukee Bucks,MIL,Bucks,2016
Indiana Pacers,2016-2017,5,3,7,15,42,40,First Round,1,0,7,8,0,26.1,Indiana Pacers,IND,Pacers,2016
Los Angeles Clippers,2016-2017,4,3,8,15,51,31,First Round,1,0,10,4,1,29.1,Los Angeles Clippers,LAC,Clippers,2016
Utah Jazz,2016-2017,8,4,3,15,51,31,Second Round,1,0,10,4,1,25.7,Utah Jazz,UTA,Jazz,2016
Golden State Warriors,2016-2017,6,1,8,15,67,15,NBA Champion,4,0,9,4,2,27.2,Golden State Warriors,GSW,Warriors,2016
Washington Wizards,2016-2017,5,5,5,15,49,33,Second Round,1,0,10,3,2,24.9,Washington Wizards,WAS,Wizards,2016
Atlanta Hawks,2016-2017,4,4,6,15,43,39,First Round,1,0,8,4,3,27.6,Atlanta Hawks,ATL,Hawks,2016
Minnesota Timberwolves,2016-2017,9,2,4,15,31,51,Lottery,0,0,13,2,0,24.9,Minnesota Timberwolves,MIN,Timberwolves,2016
Miami Heat,2016-2017,2,3,10,15,41,41,Lottery,0,0,6,4,5,26.6,Miami Heat,MIA,Heat,2016
Phoenix Suns,2016-2017,6,2,7,15,24,58,Lottery,0,0,10,1,4,24.7,Phoenix Suns,PHO,Suns,2016
Toronto Raptors,2016-2017,8,4,3,15,51,31,Second Round,2,0,12,2,1,24.7,Toronto Raptors,TOR,Raptors,2016
Oklahoma City Thunder,2016-2017,8,6,1,15,47,35,First Round,1,1,11,4,0,25.1,Oklahoma City Thunder,OKC,Thunder,2016
Orlando Magic,2016-2017,4,4,7,15,29,53,Lottery,0,0,9,2,4,24.7,Orlando Magic,ORL,Magic,2016
Cleveland Cavaliers,2016-2017,3,5,7,15,51,31,NBA Finals (Loss),3,0,11,4,0,29.1,Cleveland Cavaliers,CLE,Cavaliers,2016
Houston Rockets,2016-2017,4,3,8,15,55,27,Second Round,1,0,6,5,4,25.5,Houston Rockets,HOU,Rockets,2016
Portland Trail Blazers,2016-2017,6,4,5,15,41,41,First Round,0,0,11,3,1,23.8,Portland Trail Blazers,POR,Trail Blazers,2016
Memphis Grizzlies,2016-2017,6,2,7,15,43,39,First Round,1,0,7,5,3,26.7,Memphis Grizzlies,MEM,Grizzlies,2016
New York Knicks,2016-2017,2,4,9,15,31,51,Lottery,1,0,6,2,7,26.2,New York Knicks,NYK,NY Knicks,2016
Philadelphia 76ers,2016-2017,6,3,7,16,28,54,Lottery,0,0,11,1,4,23.8,Philadelphia 76ers,PHI,76ers,2016
Detroit Pistons,2016-2017,6,4,4,15,37,45,Lottery,0,0,9,3,3,25,Detroit Pistons,DET,Pistons,2016
Los Angeles Lakers,2016-2017,6,2,7,15,26,56,Lottery,0,0,10,2,3,25,Los Angeles Lakers,LAL,Lakers,2016
San Antonio Spurs,2016-2017,6,0,9,15,61,21,Conference Finals,1,0,7,4,4,28.3,San Antonio Spurs,SAS,Spurs,2016
Dallas Mavericks,2016-2017,2,2,10,15,33,49,Lottery,0,0,4,3,8,26.5,Dallas Mavericks,DAL,Mavericks,2016
Boston Celtics,2016-2017,8,4,3,15,53,29,Conference Finals,1,0,9,6,0,24.7,Boston Celtics,BOS,Celtics,2016
Sacramento Kings,2016-2017,5,4,6,15,32,50,Lottery,1,0,12,0,3,25.3,Sacramento Kings,SAC,Kings,2016
Chicago Bulls,2016-2017,5,6,4,15,41,41,First Round,1,0,10,3,2,25.3,Chicago Bulls,CHI,Bulls,2016
New Orleans Pelicans,2016-2017,2,4,9,15,34,48,Lottery,1,0,8,4,3,25.5,New Orleans Pelicans,NOP,Pelicans,2016
Brooklyn Nets,2015-2016,5,3,7,15,21,61,Lottery,0,0,9,2,4,24.6,Brooklyn Nets,BRK,Nets,2015
Portland Trail Blazers,2015-2016,5,5,5,15,44,38,Second Round,0,0,10,2,3,24,Portland Trail Blazers,POR,Trail Blazers,2015
Phoenix Suns,2015-2016,4,3,6,14,23,59,Lottery,0,0,8,3,3,25,Phoenix Suns,PHO,Suns,2015
Oklahoma City Thunder,2015-2016,9,4,2,15,55,27,Conference Finals,2,0,13,1,1,26.2,Oklahoma City Thunder,OKC,Thunder,2015
Chicago Bulls,2015-2016,9,1,5,15,42,40,Lottery,2,0,11,2,2,26.5,Chicago Bulls,CHI,Bulls,2015
Toronto Raptors,2015-2016,7,2,6,15,56,26,Conference Finals,2,0,13,2,0,25.2,Toronto Raptors,TOR,Raptors,2015
New Orleans Pelicans,2015-2016,1,7,10,18,30,52,Lottery,1,0,12,3,3,26,New Orleans Pelicans,NOP,Pelicans,2015
Miami Heat,2015-2016,3,2,10,15,48,34,Second Round,2,0,8,4,3,27.9,Miami Heat,MIA,Heat,2015
Houston Rockets,2015-2016,5,6,4,15,41,41,First Round,1,0,10,5,0,25.9,Houston Rockets,HOU,Rockets,2015
Charlotte Hornets,2015-2016,4,5,6,15,48,34,First Round,0,0,11,0,4,25.2,Charlotte Hornets,CHO,Hornets,2015
Boston Celtics,2015-2016,8,4,3,15,48,34,First Round,1,0,9,5,1,23.8,Boston Celtics,BOS,Celtics,2015
Los Angeles Clippers,2015-2016,4,4,7,15,53,29,First Round,1,0,10,4,1,28.6,Los Angeles Clippers,LAC,Clippers,2015
New York Knicks,2015-2016,3,3,9,15,32,50,Lottery,1,0,9,2,4,26.2,New York Knicks,NYK,NY Knicks,2015
Milwaukee Bucks,2015-2016,6,5,4,15,33,49,Lottery,0,0,11,4,0,23.6,Milwaukee Bucks,MIL,Bucks,2015
Memphis Grizzlies,2015-2016,4,5,7,16,42,40,First Round,0,0,9,3,4,27.8,Memphis Grizzlies,MEM,Grizzlies,2015
Sacramento Kings,2015-2016,3,1,11,15,33,49,Lottery,1,0,11,1,3,25.9,Sacramento Kings,SAC,Kings,2015
San Antonio Spurs,2015-2016,5,1,9,15,67,15,Second Round,2,0,9,4,2,30.7,San Antonio Spurs,SAS,Spurs,2015
Detroit Pistons,2015-2016,5,6,4,15,44,38,First Round,1,0,7,5,3,25.2,Detroit Pistons,DET,Pistons,2015
Philadelphia 76ers,2015-2016,5,4,6,15,10,72,Lottery,0,0,6,4,5,23.6,Philadelphia 76ers,PHI,76ers,2015
Indiana Pacers,2015-2016,5,3,7,15,45,37,First Round,1,0,8,6,1,25.4,Indiana Pacers,IND,Pacers,2015
Golden State Warriors,2015-2016,6,2,7,15,73,9,NBA Finals (Loss),3,1,11,2,2,26.7,Golden State Warriors,GSW,Warriors,2015
Los Angeles Lakers,2015-2016,8,1,5,14,17,65,Lottery,1,0,7,6,1,26.7,Los Angeles Lakers,LAL,Lakers,2015
Atlanta Hawks,2015-2016,7,5,3,15,48,34,Second Round,2,0,8,6,1,27.3,Atlanta Hawks,ATL,Hawks,2015
Orlando Magic,2015-2016,6,5,3,14,35,47,Lottery,0,0,10,2,2,24.1,Orlando Magic,ORL,Magic,2015
Cleveland Cavaliers,2015-2016,3,5,7,15,57,25,NBA Champion,1,0,9,4,2,28.6,Cleveland Cavaliers,CLE,Cavaliers,2015
Utah Jazz,2015-2016,9,2,4,15,40,42,Lottery,0,0,9,4,2,23.6,Utah Jazz,UTA,Jazz,2015
Washington Wizards,2015-2016,4,5,6,15,41,41,Lottery,1,0,9,3,3,27,Washington Wizards,WAS,Wizards,2015
Denver Nuggets,2015-2016,6,6,3,15,33,49,Lottery,0,0,10,3,2,24.8,Denver Nuggets,DEN,Nuggets,2015
Dallas Mavericks,2015-2016,2,3,10,15,42,40,First Round,0,0,8,4,3,29,Dallas Mavericks,DAL,Mavericks,2015
Minnesota Timberwolves,2015-2016,8,4,2,14,29,53,Lottery,0,0,10,2,2,25.3,Minnesota Timberwolves,MIN,Timberwolves,2015
Brooklyn Nets,2014-2015,5,5,5,15,38,44,First Round,0,0,8,5,2,26.2,Brooklyn Nets,BRK,Nets,2014
New York Knicks,2014-2015,2,6,7,15,17,65,Lottery,1,0,6,3,6,25.4,New York Knicks,NYK,NY Knicks,2014
Golden State Warriors,2014-2015,6,3,6,15,67,15,NBA Champion,2,1,11,2,2,26.2,Golden State Warriors,GSW,Warriors,2014
Utah Jazz,2014-2015,7,2,5,14,38,44,Lottery,0,0,8,2,4,22.7,Utah Jazz,UTA,Jazz,2014
Indiana Pacers,2014-2015,3,4,8,15,38,44,Lottery,0,0,7,3,5,27.4,Indiana Pacers,IND,Pacers,2014
Chicago Bulls,2014-2015,8,0,6,14,50,32,Second Round,2,0,12,2,0,27.6,Chicago Bulls,CHI,Bulls,2014
Orlando Magic,2014-2015,6,4,4,15,25,57,Lottery,0,0,11,3,1,24.4,Orlando Magic,ORL,Magic,2014
Boston Celtics,2014-2015,5,7,3,15,40,42,First Round,0,0,8,4,3,24.2,Boston Celtics,BOS,Celtics,2014
Phoenix Suns,2014-2015,4,8,3,15,39,43,Lottery,0,0,11,2,2,25.1,Phoenix Suns,PHO,Suns,2014
Cleveland Cavaliers,2014-2015,4,5,6,15,53,29,NBA Finals (Loss),2,0,10,3,2,28.1,Cleveland Cavaliers,CLE,Cavaliers,2014
New Orleans Pelicans,2014-2015,2,7,5,14,45,37,First Round,1,0,11,3,0,25.1,New Orleans Pelicans,NOP,Pelicans,2014
Washington Wizards,2014-2015,4,5,6,15,46,36,Second Round,1,0,9,4,2,28,Washington Wizards,WAS,Wizards,2014
Dallas Mavericks,2014-2015,1,5,9,15,50,32,First Round,1,0,9,4,2,28.6,Dallas Mavericks,DAL,Mavericks,2014
Philadelphia 76ers,2014-2015,4,5,3,14,18,64,Lottery,0,0,5,5,4,22.7,Philadelphia 76ers,PHI,76ers,2014
Sacramento Kings,2014-2015,5,4,6,15,29,53,Lottery,1,0,9,3,3,26.1,Sacramento Kings,SAC,Kings,2014
Memphis Grizzlies,2014-2015,5,6,3,15,55,27,Second Round,1,0,9,5,1,26.9,Memphis Grizzlies,MEM,Grizzlies,2014
Oklahoma City Thunder,2014-2015,8,6,1,15,45,37,Lottery,2,0,12,2,1,24.7,Oklahoma City Thunder,OKC,Thunder,2014
Houston Rockets,2014-2015,5,6,4,15,56,26,Conference Finals,1,0,8,6,1,26.4,Houston Rockets,HOU,Rockets,2014
San Antonio Spurs,2014-2015,7,1,7,15,55,27,First Round,1,0,8,5,2,28.4,San Antonio Spurs,SAS,Spurs,2014
Los Angeles Lakers,2014-2015,5,2,8,15,21,61,Lottery,1,0,7,4,4,25.7,Los Angeles Lakers,LAL,Lakers,2014
Los Angeles Clippers,2014-2015,3,3,9,15,56,26,Second Round,2,0,11,4,0,28.1,Los Angeles Clippers,LAC,Clippers,2014
Atlanta Hawks,2014-2015,6,2,7,15,60,22,Conference Finals,4,0,8,5,2,26.9,Atlanta Hawks,ATL,Hawks,2014
Milwaukee Bucks,2014-2015,6,5,4,15,41,41,First Round,0,0,9,5,1,23.4,Milwaukee Bucks,MIL,Bucks,2014
Denver Nuggets,2014-2015,6,6,2,14,30,52,Lottery,0,0,10,4,0,24.6,Denver Nuggets,DEN,Nuggets,2014
Detroit Pistons,2014-2015,4,5,5,15,32,50,Lottery,0,0,8,3,4,26.5,Detroit Pistons,DET,Pistons,2014
Minnesota Timberwolves,2014-2015,6,7,2,16,16,66,Lottery,0,0,9,5,2,25,Minnesota Timberwolves,MIN,Timberwolves,2014
Miami Heat,2014-2015,4,3,8,15,37,45,Lottery,2,0,5,6,4,27.3,Miami Heat,MIA,Heat,2014
Portland Trail Blazers,2014-2015,7,3,5,15,51,31,First Round,2,0,10,2,3,26.3,Portland Trail Blazers,POR,Trail Blazers,2014
Charlotte Hornets,2014-2015,8,2,5,15,33,49,Lottery,0,0,10,3,2,24.6,Charlotte Hornets,CHO,Hornets,2014
Toronto Raptors,2014-2015,5,6,4,15,49,33,First Round,1,0,10,3,2,25.4,Toronto Raptors,TOR,Raptors,2014
Sacramento Kings,2013-2014,5,6,4,15,28,54,Lottery,0,0,8,5,2,25.5,Sacramento Kings,SAC,Kings,2013
Memphis Grizzlies,2013-2014,4,7,3,15,50,32,First Round,0,0,11,4,0,27.1,Memphis Grizzlies,MEM,Grizzlies,2013
Oklahoma City Thunder,2013-2014,9,3,3,15,59,23,Conference Finals,1,1,14,1,0,25.5,Oklahoma City Thunder,OKC,Thunder,2013
Boston Celtics,2013-2014,4,7,4,15,25,57,Lottery,0,0,8,2,5,25.6,Boston Celtics,BOS,Celtics,2013
San Antonio Spurs,2013-2014,6,2,7,15,62,20,NBA Champion,1,0,9,5,1,27.7,San Antonio Spurs,SAS,Spurs,2013
Washington Wizards,2013-2014,7,4,4,15,44,38,Second Round,1,0,11,3,1,26.3,Washington Wizards,WAS,Wizards,2013
Los Angeles Clippers,2013-2014,3,4,7,14,57,25,Second Round,2,0,9,5,0,28.2,Los Angeles Clippers,LAC,Clippers,2013
Atlanta Hawks,2013-2014,6,1,7,14,38,44,First Round,1,0,6,6,2,26.1,Atlanta Hawks,ATL,Hawks,2013
Denver Nuggets,2013-2014,4,7,4,15,36,46,Lottery,0,0,13,1,1,24.7,Denver Nuggets,DEN,Nuggets,2013
Los Angeles Lakers,2013-2014,3,5,7,15,27,55,Lottery,1,0,11,3,1,26.8,Los Angeles Lakers,LAL,Lakers,2013
Houston Rockets,2013-2014,4,3,8,15,54,28,First Round,2,0,7,4,4,24.4,Houston Rockets,HOU,Rockets,2013
Charlotte Hornets,2013-2014,6,3,6,15,43,39,First Round,0,0,9,3,3,26.1,Charlotte Hornets,CHH,Hornets,2013
Minnesota Timberwolves,2013-2014,6,4,5,15,40,42,Lottery,1,0,6,6,3,25.6,Minnesota Timberwolves,MIN,Timberwolves,2013
Orlando Magic,2013-2014,4,5,4,13,23,59,Lottery,0,0,8,3,2,24.2,Orlando Magic,ORL,Magic,2013
Utah Jazz,2013-2014,6,4,3,15,25,57,Lottery,0,0,9,2,4,24.1,Utah Jazz,UTA,Jazz,2013
Portland Trail Blazers,2013-2014,9,2,4,15,54,28,Second Round,2,0,10,4,1,24.8,Portland Trail Blazers,POR,Trail Blazers,2013
Toronto Raptors,2013-2014,3,8,4,15,48,34,First Round,1,0,8,4,3,25.7,Toronto Raptors,TOR,Raptors,2013
Indiana Pacers,2013-2014,4,5,6,15,56,26,Conference Finals,2,0,8,4,3,26.7,Indiana Pacers,IND,Pacers,2013
Philadelphia 76ers,2013-2014,4,4,6,15,19,63,Lottery,0,0,9,1,5,22.9,Philadelphia 76ers,PHI,76ers,2013
New Orleans Pelicans,2013-2014,4,6,6,16,34,48,Lottery,1,0,11,2,3,24.3,New Orleans Pelicans,NOP,Pelicans,2013
Golden State Warriors,2013-2014,7,5,3,15,51,31,First Round,1,0,12,3,0,26,Golden State Warriors,GSW,Warriors,2013
Miami Heat,2013-2014,3,3,9,15,54,28,NBA Finals (Loss),3,0,9,4,2,29.4,Miami Heat,MIA,Heat,2013
Detroit Pistons,2013-2014,8,1,6,15,29,53,Lottery,0,0,8,5,2,25.1,Detroit Pistons,DET,Pistons,2013
Chicago Bulls,2013-2014,5,1,9,15,48,34,First Round,1,0,11,1,3,28.1,Chicago Bulls,CHI,Bulls,2013
Phoenix Suns,2013-2014,3,6,6,15,48,34,Lottery,0,0,10,2,3,25.5,Phoenix Suns,PHO,Suns,2013
Cleveland Cavaliers,2013-2014,8,2,5,15,33,49,Lottery,1,0,9,3,3,23.8,Cleveland Cavaliers,CLE,Cavaliers,2013
Dallas Mavericks,2013-2014,4,1,10,15,49,33,First Round,1,0,8,5,2,27.7,Dallas Mavericks,DAL,Mavericks,2013
Brooklyn Nets,2013-2014,2,6,7,15,44,38,Second Round,1,0,10,2,3,28.4,Brooklyn Nets,BRK,Nets,2013
Milwaukee Bucks,2013-2014,5,5,5,15,15,67,Lottery,0,0,7,5,3,24.5,Milwaukee Bucks,MIL,Bucks,2013
New York Knicks,2013-2014,2,5,8,15,37,45,Lottery,1,0,12,1,2,27.7,New York Knicks,NYK,NY Knicks,2013
Denver Nuggets,2012-2013,5,8,2,15,57,25,First Round,0,0,12,1,2,24.1,Denver Nuggets,DEN,Nuggets,2012
Dallas Mavericks,2012-2013,5,3,7,15,41,41,Lottery,0,0,10,2,3,27.9,Dallas Mavericks,DAL,Mavericks,2012
Los Angeles Clippers,2012-2013,3,3,9,15,56,26,First Round,2,0,8,6,1,28.6,Los Angeles Clippers,LAC,Clippers,2012
Los Angeles Lakers,2012-2013,4,6,5,15,45,37,First Round,2,0,8,7,0,27.9,Los Angeles Lakers,LAL,Lakers,2012
Phoenix Suns,2012-2013,2,5,8,15,25,57,Lottery,0,0,9,4,2,25.9,Phoenix Suns,PHO,Suns,2012
Brooklyn Nets,2012-2013,4,5,6,15,49,33,First Round,1,0,7,5,3,27.1,Brooklyn Nets,BRK,Nets,2012
San Antonio Spurs,2012-2013,8,1,6,15,58,24,NBA Finals (Loss),2,0,7,6,2,27.3,San Antonio Spurs,SAS,Spurs,2012
New York Knicks,2012-2013,1,5,8,15,54,28,Second Round,2,0,10,2,3,30.3,New York Knicks,NYK,NY Knicks,2012
Cleveland Cavaliers,2012-2013,6,4,4,15,24,58,Lottery,1,0,8,4,3,24.5,Cleveland Cavaliers,CLE,Cavaliers,2012
Indiana Pacers,2012-2013,7,2,6,15,49,32,Conference Finals,1,0,10,4,1,25.1,Indiana Pacers,IND,Pacers,2012
Golden State Warriors,2012-2013,6,5,4,15,47,35,Second Round,1,0,10,2,3,25.2,Golden State Warriors,GSW,Warriors,2012
Memphis Grizzlies,2012-2013,4,6,5,15,56,26,Conference Finals,1,0,12,2,1,25.3,Memphis Grizzlies,MEM,Grizzlies,2012
Oklahoma City Thunder,2012-2013,6,5,4,15,60,22,Second Round,2,0,14,1,0,25.3,Oklahoma City Thunder,OKC,Thunder,2012
Boston Celtics,2012-2013,5,5,5,15,41,40,First Round,2,0,13,1,1,26.7,Boston Celtics,BOS,Celtics,2012
Chicago Bulls,2012-2013,6,1,8,15,45,37,Second Round,2,0,13,1,1,27.1,Chicago Bulls,CHI,Bulls,2012
Washington Wizards,2012-2013,6,5,4,15,29,53,Lottery,0,0,11,2,2,25.3,Washington Wizards,WAS,Wizards,2012
Milwaukee Bucks,2012-2013,5,6,4,15,38,44,First Round,0,0,9,3,3,26.7,Milwaukee Bucks,MIL,Bucks,2012
Orlando Magic,2012-2013,3,9,2,14,20,62,Lottery,0,0,9,4,1,24.6,Orlando Magic,ORL,Magic,2012
Atlanta Hawks,2012-2013,5,5,5,15,44,38,First Round,0,0,8,5,2,26.4,Atlanta Hawks,ATL,Hawks,2012
Minnesota Timberwolves,2012-2013,5,2,8,15,31,51,Lottery,0,0,6,5,4,25.5,Minnesota Timberwolves,MIN,Timberwolves,2012
Sacramento Kings,2012-2013,5,6,2,13,28,54,Lottery,0,0,10,2,1,24.9,Sacramento Kings,SAC,Kings,2012
Charlotte Hornets,2012-2013,5,5,5,15,21,61,Lottery,0,0,9,3,3,25.3,Charlotte Hornets,CHH,Hornets,2012
Toronto Raptors,2012-2013,5,4,6,15,34,48,Lottery,0,0,9,4,2,25.2,Toronto Raptors,TOR,Raptors,2012
Houston Rockets,2012-2013,4,3,8,15,45,37,First Round,1,0,9,3,3,23.6,Houston Rockets,HOU,Rockets,2012
Utah Jazz,2012-2013,6,4,5,15,43,39,Lottery,0,0,9,5,1,25.4,Utah Jazz,UTA,Jazz,2012
Portland Trail Blazers,2012-2013,10,2,1,14,33,49,Lottery,1,0,12,1,1,23.6,Portland Trail Blazers,POR,Trail Blazers,2012
Miami Heat,2012-2013,3,2,10,15,66,16,NBA Champion,3,1,8,4,3,30.4,Miami Heat,MIA,Heat,2012
Philadelphia 76ers,2012-2013,5,5,5,15,34,48,Lottery,1,0,10,3,2,25.4,Philadelphia 76ers,PHI,76ers,2012
New Orleans Pelicans,2012-2013,3,7,5,15,27,55,Lottery,0,0,9,2,4,23.9,New Orleans Pelicans,NOP,Pelicans,2012
Detroit Pistons,2012-2013,9,2,3,14,29,53,Lottery,0,0,7,4,3,25,Detroit Pistons,DET,Pistons,2012
Los Angeles Lakers,2011-2012,5,4,5,14,41,25,Second Round,2,0,7,7,0,26.2,Los Angeles Lakers,LAL,Lakers,2011
Toronto Raptors,2011-2012,4,3,7,14,23,43,Lottery,0,0,7,3,4,25.1,Toronto Raptors,TOR,Raptors,2011
New York Knicks,2011-2012,5,3,5,14,36,30,First Round,1,0,9,5,0,26.9,New York Knicks,NYK,NY Knicks,2011
Washington Wizards,2011-2012,7,4,4,15,20,46,Lottery,0,0,9,3,3,25.1,Washington Wizards,WAS,Wizards,2011
Indiana Pacers,2011-2012,7,4,4,15,42,24,Second Round,1,0,10,4,1,25.9,Indiana Pacers,IND,Pacers,2011
Philadelphia 76ers,2011-2012,7,4,3,14,35,31,Second Round,1,0,9,4,1,24.5,Philadelphia 76ers,PHI,76ers,2011
Golden State Warriors,2011-2012,5,4,6,15,23,43,Lottery,0,0,9,3,3,25.2,Golden State Warriors,GSW,Warriors,2011
Detroit Pistons,2011-2012,8,0,6,14,25,41,Lottery,0,0,8,2,4,26.5,Detroit Pistons,DET,Pistons,2011
Charlotte Hornets,2011-2012,4,7,3,14,7,59,Lottery,0,0,9,2,3,25.6,Charlotte Hornets,CHH,Hornets,2011
Denver Nuggets,2011-2012,3,9,3,15,38,28,First Round,0,0,12,0,3,25.1,Denver Nuggets,DEN,Nuggets,2011
Los Angeles Clippers,2011-2012,5,3,7,15,40,26,Second Round,2,0,8,6,1,26.7,Los Angeles Clippers,LAC,Clippers,2011
Miami Heat,2011-2012,4,2,9,15,46,20,NBA Champion,3,1,8,4,3,28.1,Miami Heat,MIA,Heat,2011
Phoenix Suns,2011-2012,2,4,7,13,33,33,Lottery,1,0,10,2,1,28.1,Phoenix Suns,PHO,Suns,2011
New Jersey Nets,2011-2012,4,4,7,15,22,44,Lottery,1,0,11,2,2,24.8,New Jersey Nets,NJN,Nets,2011
Portland Trail Blazers,2011-2012,5,4,5,15,28,38,Lottery,1,0,13,1,1,25.6,Portland Trail Blazers,POR,Trail Blazers,2011
Houston Rockets,2011-2012,5,5,5,15,34,32,Lottery,0,0,7,4,4,25.9,Houston Rockets,HOU,Rockets,2011
Cleveland Cavaliers,2011-2012,4,5,6,15,21,45,Lottery,0,0,5,5,5,24.9,Cleveland Cavaliers,CLE,Cavaliers,2011
New Orleans Pelicans,2011-2012,0,11,4,15,21,45,Lottery,0,0,9,2,4,24.7,New Orleans Pelicans,NOP,Pelicans,2011
Memphis Grizzlies,2011-2012,6,3,6,15,41,25,First Round,1,0,8,5,2,24.9,Memphis Grizzlies,MEM,Grizzlies,2011
Oklahoma City Thunder,2011-2012,7,6,2,15,47,19,NBA Finals (Loss),2,0,14,1,0,25.5,Oklahoma City Thunder,OKC,Thunder,2011
Minnesota Timberwolves,2011-2012,7,5,3,15,26,40,Lottery,1,0,10,2,3,24.3,Minnesota Timberwolves,MIN,Timberwolves,2011
Milwaukee Bucks,2011-2012,6,7,2,15,31,35,Lottery,0,0,10,5,0,25,Milwaukee Bucks,MIL,Bucks,2011
Orlando Magic,2011-2012,6,6,3,15,37,29,First Round,1,0,9,5,1,25.6,Orlando Magic,ORL,Magic,2011
San Antonio Spurs,2011-2012,8,2,5,15,50,16,Conference Finals,1,0,7,7,1,26.4,San Antonio Spurs,SAS,Spurs,2011
Atlanta Hawks,2011-2012,4,2,9,15,40,26,First Round,1,0,11,2,2,29.1,Atlanta Hawks,ATL,Hawks,2011
Dallas Mavericks,2011-2012,3,5,7,15,36,30,First Round,1,0,13,1,1,29.1,Dallas Mavericks,DAL,Mavericks,2011
Boston Celtics,2011-2012,5,4,6,15,39,27,Conference Finals,2,0,10,3,2,27.3,Boston Celtics,BOS,Celtics,2011
Chicago Bulls,2011-2012,6,2,6,14,50,16,First Round,2,0,7,4,3,27.6,Chicago Bulls,CHI,Bulls,2011
Utah Jazz,2011-2012,6,3,6,15,36,30,First Round,0,0,9,4,2,25.7,Utah Jazz,UTA,Jazz,2011
Sacramento Kings,2011-2012,8,3,3,14,22,44,Lottery,0,0,9,4,1,24,Sacramento Kings,SAC,Kings,2011
Houston Rockets,2010-2011,4,7,4,15,43,39,Lottery,1,0,8,3,4,24.8,Houston Rockets,HOU,Rockets,2010
New Orleans Pelicans,2010-2011,3,10,2,15,46,36,First Round,1,0,8,6,1,26.2,New Orleans Pelicans,NOP,Pelicans,2010
Memphis Grizzlies,2010-2011,8,3,3,14,46,36,Second Round,0,0,9,3,2,24.3,Memphis Grizzlies,MEM,Grizzlies,2010
Oklahoma City Thunder,2010-2011,8,6,1,15,55,27,Conference Finals,2,0,13,2,0,24.1,Oklahoma City Thunder,OKC,Thunder,2010
Minnesota Timberwolves,2010-2011,6,5,2,13,17,65,Lottery,1,0,11,1,1,23.2,Minnesota Timberwolves,MIN,Timberwolves,2010
Los Angeles Lakers,2010-2011,5,4,6,15,57,25,Second Round,2,0,9,5,1,28.7,Los Angeles Lakers,LAL,Lakers,2010
Boston Celtics,2010-2011,4,4,7,15,56,26,Second Round,4,0,12,2,1,28.2,Boston Celtics,BOS,Celtics,2010
Cleveland Cavaliers,2010-2011,4,6,5,15,19,63,Lottery,0,0,6,6,3,25.2,Cleveland Cavaliers,CLE,Cavaliers,2010
Atlanta Hawks,2010-2011,5,4,6,15,44,38,Second Round,2,0,10,3,2,26.4,Atlanta Hawks,ATL,Hawks,2010
Washington Wizards,2010-2011,7,5,3,15,23,59,Lottery,0,0,8,3,4,24.4,Washington Wizards,WAS,Wizards,2010
Chicago Bulls,2010-2011,5,2,8,15,62,20,Conference Finals,1,1,6,6,3,27.5,Chicago Bulls,CHI,Bulls,2010
Indiana Pacers,2010-2011,8,5,2,15,37,45,First Round,0,0,11,4,0,25.5,Indiana Pacers,IND,Pacers,2010
New Jersey Nets,2010-2011,2,6,7,15,24,58,Lottery,0,0,9,1,5,24.6,New Jersey Nets,NJN,Nets,2010
San Antonio Spurs,2010-2011,7,2,6,15,61,21,First Round,2,0,7,6,2,26.7,San Antonio Spurs,SAS,Spurs,2010
Utah Jazz,2010-2011,6,3,5,14,39,43,Lottery,1,0,5,7,2,26.2,Utah Jazz,UTA,Jazz,2010
Toronto Raptors,2010-2011,4,8,3,15,22,60,Lottery,0,0,9,4,2,23.8,Toronto Raptors,TOR,Raptors,2010
Philadelphia 76ers,2010-2011,6,6,3,15,41,41,First Round,0,0,10,4,1,26,Philadelphia 76ers,PHI,76ers,2010
Denver Nuggets,2010-2011,2,8,4,14,50,32,First Round,1,0,11,0,3,25.8,Denver Nuggets,DEN,Nuggets,2010
Los Angeles Clippers,2010-2011,7,3,4,14,32,50,Lottery,1,0,8,5,1,24.4,Los Angeles Clippers,LAC,Clippers,2010
Golden State Warriors,2010-2011,4,3,7,14,36,46,Lottery,0,0,8,1,5,25,Golden State Warriors,GSW,Warriors,2010
Detroit Pistons,2010-2011,8,1,6,15,30,52,Lottery,0,0,10,3,2,26,Detroit Pistons,DET,Pistons,2010
Charlotte Hornets,2010-2011,2,9,4,15,34,48,Lottery,0,0,9,4,2,26.3,Charlotte Hornets,CHH,Hornets,2010
Dallas Mavericks,2010-2011,3,7,5,15,57,25,NBA Champion,1,0,13,1,1,28.6,Dallas Mavericks,DAL,Mavericks,2010
Milwaukee Bucks,2010-2011,6,5,3,14,35,47,Lottery,0,0,8,5,1,26.3,Milwaukee Bucks,MIL,Bucks,2010
Orlando Magic,2010-2011,4,5,4,13,52,30,First Round,1,0,9,3,1,26.3,Orlando Magic,ORL,Magic,2010
Miami Heat,2010-2011,3,2,10,15,58,24,NBA Finals (Loss),3,0,9,4,2,29.4,Miami Heat,MIA,Heat,2010
Portland Trail Blazers,2010-2011,9,2,4,15,48,34,First Round,0,0,10,2,3,24.9,Portland Trail Blazers,POR,Trail Blazers,2010
Phoenix Suns,2010-2011,2,7,5,14,40,42,Lottery,0,0,10,2,2,27.2,Phoenix Suns,PHO,Suns,2010
New York Knicks,2010-2011,3,8,3,15,42,40,First Round,1,0,8,6,1,26.2,New York Knicks,NYK,NY Knicks,2010
Sacramento Kings,2010-2011,6,6,2,14,24,58,Lottery,0,0,8,4,2,24,Sacramento Kings,SAC,Kings,2010
San Antonio Spurs,2009-2010,6,2,7,15,50,32,Second Round,1,0,6,6,3,26.1,San Antonio Spurs,SAS,Spurs,2009
Indiana Pacers,2009-2010,6,4,4,14,32,50,Lottery,0,0,10,4,0,25.8,Indiana Pacers,IND,Pacers,2009
Atlanta Hawks,2009-2010,4,3,6,13,53,29,Second Round,2,0,9,1,3,26.3,Atlanta Hawks,ATL,Hawks,2009
Denver Nuggets,2009-2010,3,7,5,15,53,29,First Round,2,0,10,0,5,26.7,Denver Nuggets,DEN,Nuggets,2009
Oklahoma City Thunder,2009-2010,9,3,3,15,50,32,First Round,1,0,12,1,2,23.8,Oklahoma City Thunder,OKC,Thunder,2009
New Orleans Pelicans,2009-2010,5,4,4,13,37,45,Lottery,1,0,9,4,0,27,New Orleans Pelicans,NOP,Pelicans,2009
Memphis Grizzlies,2009-2010,8,3,3,15,40,42,Lottery,1,0,11,3,1,23.8,Memphis Grizzlies,MEM,Grizzlies,2009
Washington Wizards,2009-2010,3,7,6,16,26,56,Lottery,0,0,8,2,6,25.9,Washington Wizards,WAS,Wizards,2009
New York Knicks,2009-2010,4,7,3,14,29,53,Lottery,1,0,10,3,1,25.4,New York Knicks,NYK,NY Knicks,2009
Milwaukee Bucks,2009-2010,6,6,2,15,46,36,First Round,0,0,8,6,1,27.4,Milwaukee Bucks,MIL,Bucks,2009
Los Angeles Lakers,2009-2010,5,4,4,13,57,25,NBA Champion,2,0,10,1,2,26.9,Los Angeles Lakers,LAL,Lakers,2009
Dallas Mavericks,2009-2010,2,9,2,13,55,27,First Round,2,0,10,1,2,29.6,Dallas Mavericks,DAL,Mavericks,2009
Houston Rockets,2009-2010,6,5,4,15,42,40,Lottery,0,0,7,6,2,25.3,Houston Rockets,HOU,Rockets,2009
Los Angeles Clippers,2009-2010,4,8,2,14,29,53,Lottery,1,0,8,5,1,25.6,Los Angeles Clippers,LAC,Clippers,2009
Cleveland Cavaliers,2009-2010,5,5,5,15,61,21,Second Round,1,1,8,5,2,27.1,Cleveland Cavaliers,CLE,Cavaliers,2009
Boston Celtics,2009-2010,5,3,7,15,50,32,NBA Finals (Loss),3,0,10,2,3,28.1,Boston Celtics,BOS,Celtics,2009
Charlotte Hornets,2009-2010,5,7,2,15,44,38,First Round,1,0,12,2,1,26.1,Charlotte Hornets,CHH,Hornets,2009
New Jersey Nets,2009-2010,4,9,1,14,12,70,Lottery,0,0,10,3,1,25.4,New Jersey Nets,NJN,Nets,2009
Phoenix Suns,2009-2010,6,2,5,14,54,28,Conference Finals,2,0,9,3,2,26.4,Phoenix Suns,PHO,Suns,2009
Sacramento Kings,2009-2010,6,4,3,13,25,57,Lottery,0,0,8,3,2,24.1,Sacramento Kings,SAC,Kings,2009
Chicago Bulls,2009-2010,6,6,3,15,41,41,First Round,1,0,9,2,4,25.5,Chicago Bulls,CHI,Bulls,2009
Detroit Pistons,2009-2010,6,1,7,14,27,55,Lottery,0,0,9,2,3,26.4,Detroit Pistons,DET,Pistons,2009
Portland Trail Blazers,2009-2010,10,1,4,15,50,32,First Round,1,0,11,4,0,25.2,Portland Trail Blazers,POR,Trail Blazers,2009
Minnesota Timberwolves,2009-2010,4,6,5,15,15,67,Lottery,0,0,8,5,2,24,Minnesota Timberwolves,MIN,Timberwolves,2009
Philadelphia 76ers,2009-2010,8,3,3,14,27,55,Lottery,1,0,9,5,0,25.4,Philadelphia 76ers,PHI,76ers,2009
Golden State Warriors,2009-2010,5,2,8,15,26,56,Lottery,0,0,7,2,6,24.4,Golden State Warriors,GSW,Warriors,2009
Miami Heat,2009-2010,5,2,9,16,47,35,First Round,1,0,7,3,6,26.4,Miami Heat,MIA,Heat,2009
Utah Jazz,2009-2010,6,1,6,13,53,29,Second Round,1,0,3,6,4,24.5,Utah Jazz,UTA,Jazz,2009
Toronto Raptors,2009-2010,3,8,4,15,40,42,Lottery,1,0,10,3,2,25.2,Toronto Raptors,TOR,Raptors,2009
Orlando Magic,2009-2010,4,3,6,13,59,23,Conference Finals,1,0,8,5,0,27.8,Orlando Magic,ORL,Magic,2009
Houston Rockets,2008-2009,5,6,4,15,53,29,Second Round,1,0,9,5,1,27.4,Houston Rockets,HOU,Rockets,2008
Detroit Pistons,2008-2009,6,3,4,13,39,43,First Round,1,0,9,2,2,26.7,Detroit Pistons,DET,Pistons,2008
Denver Nuggets,2008-2009,4,6,4,14,54,28,Conference Finals,1,0,10,2,2,26.2,Denver Nuggets,DEN,Nuggets,2008
Portland Trail Blazers,2008-2009,9,3,3,15,54,28,First Round,1,0,12,2,1,24,Portland Trail Blazers,POR,Trail Blazers,2008
Milwaukee Bucks,2008-2009,6,5,4,15,34,48,Lottery,0,0,5,7,3,26.5,Milwaukee Bucks,MIL,Bucks,2008
Los Angeles Lakers,2008-2009,6,5,3,14,65,17,NBA Champion,2,0,9,3,2,25.2,Los Angeles Lakers,LAL,Lakers,2008
Philadelphia 76ers,2008-2009,7,2,5,14,41,41,First Round,0,0,10,3,1,26.5,Philadelphia 76ers,PHI,76ers,2008
Miami Heat,2008-2009,5,3,7,15,43,39,First Round,1,0,7,3,5,25.5,Miami Heat,MIA,Heat,2008
Dallas Mavericks,2008-2009,2,8,5,15,50,32,Second Round,1,0,10,2,3,27.3,Dallas Mavericks,DAL,Mavericks,2008
Utah Jazz,2008-2009,9,2,4,15,48,34,First Round,0,0,7,7,1,25.2,Utah Jazz,UTA,Jazz,2008
Minnesota Timberwolves,2008-2009,4,9,2,15,24,58,Lottery,0,0,10,3,2,25.7,Minnesota Timberwolves,MIN,Timberwolves,2008
Orlando Magic,2008-2009,5,4,5,14,59,23,NBA Finals (Loss),3,0,9,4,1,27.5,Orlando Magic,ORL,Magic,2008
Indiana Pacers,2008-2009,5,8,2,15,36,46,Lottery,1,0,10,3,2,26.4,Indiana Pacers,IND,Pacers,2008
Chicago Bulls,2008-2009,7,5,3,15,41,41,First Round,0,0,9,2,4,26.4,Chicago Bulls,CHI,Bulls,2008
San Antonio Spurs,2008-2009,5,2,8,15,54,28,First Round,2,0,8,4,3,29,San Antonio Spurs,SAS,Spurs,2008
Atlanta Hawks,2008-2009,5,2,8,15,47,35,Second Round,1,0,7,3,5,24.6,Atlanta Hawks,ATL,Hawks,2008
Washington Wizards,2008-2009,6,5,4,15,19,63,Lottery,0,0,10,4,1,26,Washington Wizards,WAS,Wizards,2008
Oklahoma City Thunder,2008-2009,7,5,3,15,23,59,Lottery,0,0,10,3,2,25.1,Oklahoma City Thunder,OKC,Thunder,2008
Memphis Grizzlies,2008-2009,6,4,4,14,24,58,Lottery,0,0,8,3,3,24.7,Memphis Grizzlies,MEM,Grizzlies,2008
New Orleans Pelicans,2008-2009,4,4,6,14,49,33,First Round,2,0,10,3,1,28.2,New Orleans Pelicans,NOP,Pelicans,2008
Los Angeles Clippers,2008-2009,5,5,4,14,19,63,Lottery,0,0,10,4,0,25.8,Los Angeles Clippers,LAC,Clippers,2008
New York Knicks,2008-2009,4,6,5,15,32,50,Lottery,0,0,11,3,1,24.9,New York Knicks,NYK,NY Knicks,2008
Toronto Raptors,2008-2009,5,4,6,15,33,49,Lottery,1,0,9,4,2,25.3,Toronto Raptors,TOR,Raptors,2008
Golden State Warriors,2008-2009,5,2,7,14,29,53,Lottery,0,0,6,4,4,23.6,Golden State Warriors,GSW,Warriors,2008
Sacramento Kings,2008-2009,4,8,1,13,17,65,Lottery,0,0,11,1,1,25.5,Sacramento Kings,SAC,Kings,2008
Cleveland Cavaliers,2008-2009,6,5,4,15,66,16,Conference Finals,2,1,8,4,3,26.3,Cleveland Cavaliers,CLE,Cavaliers,2008
Boston Celtics,2008-2009,9,2,4,15,62,20,Second Round,3,0,8,6,1,26.6,Boston Celtics,BOS,Celtics,2008
New Jersey Nets,2008-2009,5,7,2,14,34,48,Lottery,1,0,10,4,0,24.8,New Jersey Nets,NJN,Nets,2008
Phoenix Suns,2008-2009,5,3,5,13,46,36,Lottery,2,0,10,2,1,27,Phoenix Suns,PHO,Suns,2008
Charlotte Hornets,2008-2009,5,6,3,15,35,47,Lottery,0,0,11,1,3,25.5,Charlotte Hornets,CHH,Hornets,2008
Minnesota Timberwolves,2007-2008,5,8,1,14,22,60,Lottery,0,0,9,5,0,25.2,Minnesota Timberwolves,MIN,Timberwolves,2007
Denver Nuggets,2007-2008,3,7,4,14,50,32,First Round,2,0,8,3,3,26.5,Denver Nuggets,DEN,Nuggets,2007
New Orleans Pelicans,2007-2008,4,5,5,14,56,26,Second Round,2,0,9,2,3,27,New Orleans Pelicans,NOP,Pelicans,2007
New York Knicks,2007-2008,5,7,3,15,23,59,Lottery,0,0,12,2,1,25.4,New York Knicks,NYK,NY Knicks,2007
Toronto Raptors,2007-2008,3,5,6,14,41,41,First Round,1,0,9,2,3,26.1,Toronto Raptors,TOR,Raptors,2007
Charlotte Hornets,2007-2008,7,2,4,14,32,50,Lottery,0,0,9,3,2,25.7,Charlotte Hornets,CHH,Hornets,2007
Golden State Warriors,2007-2008,7,3,4,14,48,34,Lottery,0,0,8,4,2,24.1,Golden State Warriors,GSW,Warriors,2007
Cleveland Cavaliers,2007-2008,4,6,5,15,45,37,Second Round,1,0,6,3,6,27.4,Cleveland Cavaliers,CLE,Cavaliers,2007
Boston Celtics,2007-2008,7,2,6,15,66,16,NBA Champion,3,0,9,6,0,27.8,Boston Celtics,BOS,Celtics,2007
Memphis Grizzlies,2007-2008,5,5,4,14,22,60,Lottery,0,0,11,2,1,24.8,Memphis Grizzlies,MEM,Grizzlies,2007
Houston Rockets,2007-2008,6,5,4,15,55,27,First Round,1,0,8,5,2,27.5,Houston Rockets,HOU,Rockets,2007
Phoenix Suns,2007-2008,4,2,8,14,55,27,First Round,2,0,9,3,2,28.9,Phoenix Suns,PHO,Suns,2007
Detroit Pistons,2007-2008,6,4,5,15,59,23,Conference Finals,3,0,12,2,1,27.3,Detroit Pistons,DET,Pistons,2007
New Jersey Nets,2007-2008,5,8,1,14,34,48,Lottery,1,0,12,1,1,26.2,New Jersey Nets,NJN,Nets,2007
Los Angeles Lakers,2007-2008,6,4,5,15,57,25,NBA Finals (Loss),1,1,9,3,3,25.6,Los Angeles Lakers,LAL,Lakers,2007
San Antonio Spurs,2007-2008,4,2,9,15,56,26,Conference Finals,1,0,10,2,3,30.6,San Antonio Spurs,SAS,Spurs,2007
Portland Trail Blazers,2007-2008,8,4,2,14,41,41,Lottery,1,0,10,4,0,23.2,Portland Trail Blazers,POR,Trail Blazers,2007
Milwaukee Bucks,2007-2008,5,1,8,14,26,56,Lottery,0,0,4,8,2,25.9,Milwaukee Bucks,MIL,Bucks,2007
Miami Heat,2007-2008,3,5,9,17,15,67,Lottery,1,0,8,3,6,26,Miami Heat,MIA,Heat,2007
Indiana Pacers,2007-2008,5,5,5,15,36,46,Lottery,0,0,10,2,3,25.8,Indiana Pacers,IND,Pacers,2007
Utah Jazz,2007-2008,8,1,5,14,54,28,Second Round,1,0,5,8,1,24.5,Utah Jazz,UTA,Jazz,2007
Orlando Magic,2007-2008,5,6,4,15,52,30,Second Round,1,0,9,4,2,26.5,Orlando Magic,ORL,Magic,2007
Dallas Mavericks,2007-2008,2,6,7,15,51,31,First Round,1,0,12,1,2,28.9,Dallas Mavericks,DAL,Mavericks,2007
Chicago Bulls,2007-2008,9,4,1,15,33,49,Lottery,0,0,10,4,1,23.2,Chicago Bulls,CHI,Bulls,2007
Los Angeles Clippers,2007-2008,4,2,9,15,23,59,Lottery,0,0,8,4,3,25.6,Los Angeles Clippers,LAC,Clippers,2007
Atlanta Hawks,2007-2008,7,2,4,13,37,45,First Round,1,0,8,3,2,23.5,Atlanta Hawks,ATL,Hawks,2007
Philadelphia 76ers,2007-2008,8,3,3,14,40,42,First Round,0,0,6,4,4,24.8,Philadelphia 76ers,PHI,76ers,2007
Washington Wizards,2007-2008,5,3,5,13,43,39,First Round,2,0,8,5,0,25.8,Washington Wizards,WAS,Wizards,2007
Seattle SuperSonics,2007-2008,8,5,2,15,20,62,Lottery,0,0,9,3,3,25.2,Seattle SuperSonics,SEA,SuperSonics,2007
Sacramento Kings,2007-2008,4,6,4,14,38,44,Lottery,0,0,11,1,2,26.9,Sacramento Kings,SAC,Kings,2007
New Orleans Pelicans,2006-2007,6,6,3,15,39,43,Lottery,0,0,8,4,3,25.2,New Orleans Pelicans,NOP,Pelicans,2006
Orlando Magic,2006-2007,5,6,4,15,40,42,First Round,1,0,9,4,2,25.6,Orlando Magic,ORL,Magic,2006
New York Knicks,2006-2007,5,6,4,15,33,49,Lottery,0,0,12,2,1,25.3,New York Knicks,NYK,NY Knicks,2006
Detroit Pistons,2006-2007,5,2,8,15,53,29,Conference Finals,2,0,11,3,1,27.8,Detroit Pistons,DET,Pistons,2006
Washington Wizards,2006-2007,3,3,9,15,41,41,First Round,2,0,7,6,2,26,Washington Wizards,WAS,Wizards,2006
Miami Heat,2006-2007,3,4,8,15,44,38,First Round,2,0,11,1,3,28.2,Miami Heat,MIA,Heat,2006
Chicago Bulls,2006-2007,6,4,5,15,49,33,Second Round,0,0,7,3,5,25,Chicago Bulls,CHI,Bulls,2006
Portland Trail Blazers,2006-2007,7,5,3,15,32,50,Lottery,0,0,13,0,2,24.1,Portland Trail Blazers,POR,Trail Blazers,2006
Memphis Grizzlies,2006-2007,7,2,5,14,22,60,Lottery,0,0,8,3,3,25,Memphis Grizzlies,MEM,Grizzlies,2006
Minnesota Timberwolves,2006-2007,5,4,4,13,32,50,Lottery,1,0,5,6,2,26.3,Minnesota Timberwolves,MIN,Timberwolves,2006
Denver Nuggets,2006-2007,3,6,6,15,45,37,First Round,2,0,8,4,3,25.3,Denver Nuggets,DEN,Nuggets,2006
Golden State Warriors,2006-2007,6,6,2,14,42,40,Second Round,0,0,8,3,3,24.6,Golden State Warriors,GSW,Warriors,2006
Charlotte Hornets,2006-2007,5,2,6,15,33,49,Lottery,0,0,8,4,3,25.8,Charlotte Hornets,CHH,Hornets,2006
Dallas Mavericks,2006-2007,4,4,7,15,67,15,First Round,2,1,11,1,3,27.5,Dallas Mavericks,DAL,Mavericks,2006
Toronto Raptors,2006-2007,6,4,5,15,47,35,First Round,1,0,10,2,3,25.5,Toronto Raptors,TOR,Raptors,2006
Sacramento Kings,2006-2007,3,6,4,13,33,49,Lottery,0,0,10,0,3,26.4,Sacramento Kings,SAC,Kings,2006
Atlanta Hawks,2006-2007,7,3,5,15,30,52,Lottery,1,0,8,5,2,24.4,Atlanta Hawks,ATL,Hawks,2006
Cleveland Cavaliers,2006-2007,5,4,6,15,50,32,NBA Finals (Loss),1,0,8,3,4,26.8,Cleveland Cavaliers,CLE,Cavaliers,2006
New Jersey Nets,2006-2007,8,5,2,15,41,41,Second Round,2,0,9,5,1,26,New Jersey Nets,NJN,Nets,2006
Houston Rockets,2006-2007,4,7,4,15,52,30,First Round,2,0,10,3,2,27.1,Houston Rockets,HOU,Rockets,2006
Milwaukee Bucks,2006-2007,6,4,5,15,28,54,Lottery,0,0,3,8,4,24.8,Milwaukee Bucks,MIL,Bucks,2006
Philadelphia 76ers,2006-2007,7,3,4,14,35,47,Lottery,0,0,7,4,3,25.3,Philadelphia 76ers,PHI,76ers,2006
Boston Celtics,2006-2007,9,4,2,15,24,58,Lottery,0,0,11,3,1,24.3,Boston Celtics,BOS,Celtics,2006
Los Angeles Clippers,2006-2007,5,3,7,15,40,42,Lottery,0,0,7,4,4,25.9,Los Angeles Clippers,LAC,Clippers,2006
Utah Jazz,2006-2007,7,3,3,13,51,31,Conference Finals,2,0,6,7,0,24.7,Utah Jazz,UTA,Jazz,2006
Seattle SuperSonics,2006-2007,7,4,4,15,31,51,Lottery,1,0,8,4,3,25.1,Seattle SuperSonics,SEA,SuperSonics,2006
Los Angeles Lakers,2006-2007,7,4,4,15,42,40,First Round,1,0,10,3,2,25.2,Los Angeles Lakers,LAL,Lakers,2006
Phoenix Suns,2006-2007,3,3,8,14,61,21,Second Round,3,0,10,2,2,28.5,Phoenix Suns,PHO,Suns,2006
Indiana Pacers,2006-2007,5,8,1,15,35,47,Lottery,1,0,9,2,4,26,Indiana Pacers,IND,Pacers,2006
San Antonio Spurs,2006-2007,4,2,9,15,58,24,NBA Champion,2,0,8,4,3,28.7,San Antonio Spurs,SAS,Spurs,2006
Denver Nuggets,2005-2006,5,5,5,15,44,38,First Round,0,0,8,5,2,26.4,Denver Nuggets,DEN,Nuggets,2005
Milwaukee Bucks,2005-2006,5,5,5,15,40,42,First Round,0,0,7,6,2,26.1,Milwaukee Bucks,MIL,Bucks,2005
Seattle SuperSonics,2005-2006,5,5,3,13,35,47,Lottery,1,0,7,2,4,24.7,Seattle SuperSonics,SEA,SuperSonics,2005
Los Angeles Clippers,2005-2006,4,4,7,15,47,35,Second Round,1,0,9,3,3,26.1,Los Angeles Clippers,LAC,Clippers,2005
Utah Jazz,2005-2006,6,1,7,14,41,41,Lottery,0,0,4,6,4,24.1,Utah Jazz,UTA,Jazz,2005
Phoenix Suns,2005-2006,4,4,6,14,54,28,Conference Finals,2,1,9,3,2,26.5,Phoenix Suns,PHO,Suns,2005
Golden State Warriors,2005-2006,9,2,3,14,34,48,Lottery,0,0,11,2,1,24.3,Golden State Warriors,GSW,Warriors,2005
Los Angeles Lakers,2005-2006,8,3,4,15,45,37,First Round,1,0,10,3,2,24.5,Los Angeles Lakers,LAL,Lakers,2005
Cleveland Cavaliers,2005-2006,5,4,6,15,50,32,Second Round,1,0,8,4,3,25.7,Cleveland Cavaliers,CLE,Cavaliers,2005
San Antonio Spurs,2005-2006,4,1,9,14,63,19,Second Round,2,0,8,3,3,29,San Antonio Spurs,SAS,Spurs,2005
New Orleans Pelicans,2005-2006,4,9,2,15,38,44,Lottery,0,0,7,5,3,26,New Orleans Pelicans,NOP,Pelicans,2005
New York Knicks,2005-2006,3,8,4,15,23,59,Lottery,0,0,11,2,2,25.4,New York Knicks,NYK,NY Knicks,2005
Washington Wizards,2005-2006,5,3,7,15,42,40,First Round,1,0,7,5,3,25.2,Washington Wizards,WAS,Wizards,2005
New Jersey Nets,2005-2006,5,3,7,15,49,33,Second Round,1,0,12,3,0,27.4,New Jersey Nets,NJN,Nets,2005
Sacramento Kings,2005-2006,2,9,3,14,44,38,First Round,0,0,10,2,2,25.8,Sacramento Kings,SAC,Kings,2005
Portland Trail Blazers,2005-2006,7,4,3,14,21,61,Lottery,0,0,11,3,0,24,Portland Trail Blazers,POR,Trail Blazers,2005
Boston Celtics,2005-2006,8,5,1,14,33,49,Lottery,1,0,10,3,1,24.1,Boston Celtics,BOS,Celtics,2005
Detroit Pistons,2005-2006,5,4,6,15,64,18,Conference Finals,4,0,11,2,2,27.5,Detroit Pistons,DET,Pistons,2005
Miami Heat,2005-2006,3,5,7,15,52,30,NBA Champion,2,0,11,2,2,27.6,Miami Heat,MIA,Heat,2005
Indiana Pacers,2005-2006,7,4,3,14,41,41,First Round,1,0,10,2,2,26.7,Indiana Pacers,IND,Pacers,2005
Charlotte Hornets,2005-2006,4,4,4,14,26,56,Lottery,0,0,8,3,3,24.4,Charlotte Hornets,CHH,Hornets,2005
Philadelphia 76ers,2005-2006,7,3,3,13,38,44,Lottery,1,0,7,4,2,24.9,Philadelphia 76ers,PHI,76ers,2005
Chicago Bulls,2005-2006,5,3,7,15,41,41,First Round,0,0,6,4,5,25,Chicago Bulls,CHI,Bulls,2005
Dallas Mavericks,2005-2006,4,4,7,15,60,22,NBA Finals (Loss),1,0,9,0,6,26.1,Dallas Mavericks,DAL,Mavericks,2005
Toronto Raptors,2005-2006,7,3,4,14,27,55,Lottery,1,0,6,4,4,25.9,Toronto Raptors,TOR,Raptors,2005
Minnesota Timberwolves,2005-2006,3,6,5,14,33,49,Lottery,1,0,6,5,3,25.4,Minnesota Timberwolves,MIN,Timberwolves,2005
Houston Rockets,2005-2006,2,7,4,15,34,48,Lottery,2,0,7,4,4,27.8,Houston Rockets,HOU,Rockets,2005
Atlanta Hawks,2005-2006,6,3,4,13,26,56,Lottery,0,0,6,4,3,22.5,Atlanta Hawks,ATL,Hawks,2005
Orlando Magic,2005-2006,4,7,4,15,36,46,Lottery,0,0,10,3,2,25.9,Orlando Magic,ORL,Magic,2005
Memphis Grizzlies,2005-2006,6,5,4,15,49,33,First Round,1,0,10,3,2,26.7,Memphis Grizzlies,MEM,Grizzlies,2005
San Antonio Spurs,2004-2005,4,1,10,15,59,23,NBA Champion,2,0,8,3,4,27.9,San Antonio Spurs,SAS,Spurs,2004
Portland Trail Blazers,2004-2005,5,6,3,14,27,55,Lottery,0,0,10,3,1,25.1,Portland Trail Blazers,POR,Trail Blazers,2004
Memphis Grizzlies,2004-2005,6,6,3,15,45,37,First Round,0,0,11,4,0,25.1,Memphis Grizzlies,MEM,Grizzlies,2004
Cleveland Cavaliers,2004-2005,6,5,4,15,42,40,Lottery,2,0,9,4,2,25.6,Cleveland Cavaliers,CLE,Cavaliers,2004
Dallas Mavericks,2004-2005,4,8,3,15,58,24,Second Round,1,0,12,0,3,27,Dallas Mavericks,DAL,Mavericks,2004
Boston Celtics,2004-2005,7,4,1,12,45,37,First Round,1,0,10,2,0,24.5,Boston Celtics,BOS,Celtics,2004
Milwaukee Bucks,2004-2005,3,6,5,14,30,52,Lottery,0,0,5,7,2,26.3,Milwaukee Bucks,MIL,Bucks,2004
Miami Heat,2004-2005,3,3,9,15,59,23,Conference Finals,2,0,10,3,2,27.5,Miami Heat,MIA,Heat,2004
New York Knicks,2004-2005,2,7,5,14,33,49,Lottery,0,0,9,3,2,26.5,New York Knicks,NYK,NY Knicks,2004
Philadelphia 76ers,2004-2005,6,8,1,15,43,39,First Round,1,0,9,4,2,26.5,Philadelphia 76ers,PHI,76ers,2004
Minnesota Timberwolves,2004-2005,3,3,8,14,44,38,Lottery,1,0,10,2,2,28.3,Minnesota Timberwolves,MIN,Timberwolves,2004
Denver Nuggets,2004-2005,3,4,8,15,49,33,First Round,0,0,7,7,1,27.2,Denver Nuggets,DEN,Nuggets,2004
Chicago Bulls,2004-2005,6,5,4,15,47,35,First Round,0,0,7,4,4,25.4,Chicago Bulls,CHI,Bulls,2004
Toronto Raptors,2004-2005,5,6,4,15,33,49,Lottery,0,0,7,6,2,26.8,Toronto Raptors,TOR,Raptors,2004
Sacramento Kings,2004-2005,3,6,4,14,50,32,First Round,0,0,8,3,3,26.7,Sacramento Kings,SAC,Kings,2004
Orlando Magic,2004-2005,3,9,4,16,36,46,Lottery,1,0,11,3,2,26.7,Orlando Magic,ORL,Magic,2004
New Orleans Pelicans,2004-2005,3,8,2,13,18,64,Lottery,0,0,8,4,1,25.2,New Orleans Pelicans,NOP,Pelicans,2004
Los Angeles Lakers,2004-2005,5,6,4,15,34,48,Lottery,1,0,10,1,4,25.8,Los Angeles Lakers,LAL,Lakers,2004
Golden State Warriors,2004-2005,6,4,2,12,34,48,Lottery,0,0,12,0,0,24.3,Golden State Warriors,GSW,Warriors,2004
Utah Jazz,2004-2005,6,1,8,15,26,56,Lottery,0,0,6,6,3,25.1,Utah Jazz,UTA,Jazz,2004
Los Angeles Clippers,2004-2005,5,3,6,14,37,45,Lottery,0,0,7,4,3,25.3,Los Angeles Clippers,LAC,Clippers,2004
Seattle SuperSonics,2004-2005,5,4,5,14,52,30,Second Round,2,0,9,3,2,25.1,Seattle SuperSonics,SEA,SuperSonics,2004
Phoenix Suns,2004-2005,3,4,5,12,62,20,Conference Finals,3,1,9,1,2,26.2,Phoenix Suns,PHO,Suns,2004
Washington Wizards,2004-2005,7,2,6,15,45,37,Second Round,2,0,9,6,0,24.7,Washington Wizards,WAS,Wizards,2004
Indiana Pacers,2004-2005,8,4,4,16,44,38,Second Round,1,0,11,3,2,26.7,Indiana Pacers,IND,Pacers,2004
Houston Rockets,2004-2005,1,9,5,15,51,31,First Round,2,0,10,3,2,30.4,Houston Rockets,HOU,Rockets,2004
New Jersey Nets,2004-2005,5,2,7,14,42,40,First Round,1,0,9,4,1,27.1,New Jersey Nets,NJN,Nets,2004
Detroit Pistons,2004-2005,3,4,7,14,54,28,NBA Finals (Loss),1,0,9,0,5,27.2,Detroit Pistons,DET,Pistons,2004
Atlanta Hawks,2004-2005,5,6,4,15,13,69,Lottery,0,0,9,4,2,26.2,Atlanta Hawks,ATL,Hawks,2004
Charlotte Hornets,2004-2005,2,4,4,14,18,64,Lottery,0,0,7,5,2,24.5,Charlotte Hornets,CHH,Hornets,2004
Memphis Grizzlies,2003-2004,5,7,3,15,50,32,First Round,0,0,12,1,2,24.5,Memphis Grizzlies,MEM,Grizzlies,2003
Phoenix Suns,2003-2004,5,8,0,13,29,53,Lottery,0,0,9,4,0,23.7,Phoenix Suns,PHO,Suns,2003
San Antonio Spurs,2003-2004,3,1,11,15,57,25,Second Round,1,0,7,4,4,27.3,San Antonio Spurs,SAS,Spurs,2003
Washington Wizards,2003-2004,6,3,4,14,25,57,Lottery,0,0,9,4,1,25.1,Washington Wizards,WAS,Wizards,2003
Miami Heat,2003-2004,4,2,9,15,42,40,Second Round,0,0,7,6,2,25.9,Miami Heat,MIA,Heat,2003
Atlanta Hawks,2003-2004,5,4,6,15,28,54,Lottery,0,0,10,5,0,26.7,Atlanta Hawks,ATL,Hawks,2003
Boston Celtics,2003-2004,4,9,2,15,36,46,First Round,1,0,10,3,2,25.2,Boston Celtics,BOS,Celtics,2003
Indiana Pacers,2003-2004,10,3,2,15,61,21,Conference Finals,2,0,12,3,0,25.9,Indiana Pacers,IND,Pacers,2003
Houston Rockets,2003-2004,4,2,7,13,45,37,First Round,2,0,10,1,2,28.1,Houston Rockets,HOU,Rockets,2003
Detroit Pistons,2003-2004,3,5,5,13,54,28,NBA Champion,1,0,8,2,3,27,Detroit Pistons,DET,Pistons,2003
Los Angeles Lakers,2003-2004,6,0,8,14,56,26,NBA Finals (Loss),2,0,10,3,1,28.3,Los Angeles Lakers,LAL,Lakers,2003
Toronto Raptors,2003-2004,3,7,5,15,33,49,Lottery,1,0,10,3,2,27.4,Toronto Raptors,TOR,Raptors,2003
Utah Jazz,2003-2004,7,2,5,14,42,40,Lottery,1,0,7,4,3,24.9,Utah Jazz,UTA,Jazz,2003
New Orleans Pelicans,2003-2004,3,6,5,14,41,41,First Round,2,0,9,2,3,29.1,New Orleans Pelicans,NOP,Pelicans,2003
New York Knicks,2003-2004,2,8,5,15,39,43,First Round,0,0,11,3,1,27.6,New York Knicks,NYK,NY Knicks,2003
Golden State Warriors,2003-2004,5,6,4,15,37,45,Lottery,0,0,8,5,2,27.5,Golden State Warriors,GSW,Warriors,2003
Milwaukee Bucks,2003-2004,4,4,5,13,41,41,First Round,1,0,7,3,3,26.2,Milwaukee Bucks,MIL,Bucks,2003
Cleveland Cavaliers,2003-2004,6,5,3,14,35,47,Lottery,0,0,7,5,2,24.8,Cleveland Cavaliers,CLE,Cavaliers,2003
New Jersey Nets,2003-2004,8,1,5,14,47,35,Second Round,2,0,10,3,1,27.2,New Jersey Nets,NJN,Nets,2003
Philadelphia 76ers,2003-2004,5,7,3,15,33,49,Lottery,1,0,7,7,1,27,Philadelphia 76ers,PHI,76ers,2003
Dallas Mavericks,2003-2004,3,8,3,15,52,30,First Round,1,0,11,1,3,27.2,Dallas Mavericks,DAL,Mavericks,2003
Minnesota Timberwolves,2003-2004,3,3,8,14,58,24,Conference Finals,2,1,10,2,2,28.6,Minnesota Timberwolves,MIN,Timberwolves,2003
Denver Nuggets,2003-2004,5,2,7,15,43,39,First Round,0,0,8,5,2,25.6,Denver Nuggets,DEN,Nuggets,2003
Chicago Bulls,2003-2004,5,3,7,15,23,59,Lottery,0,0,9,1,5,25.8,Chicago Bulls,CHI,Bulls,2003
Sacramento Kings,2003-2004,3,4,6,13,55,27,Second Round,2,0,8,4,1,28.4,Sacramento Kings,SAC,Kings,2003
Orlando Magic,2003-2004,4,7,4,15,21,61,Lottery,1,0,9,5,1,25.1,Orlando Magic,ORL,Magic,2003
Los Angeles Clippers,2003-2004,6,3,5,14,28,54,Lottery,0,0,7,6,1,23.9,Los Angeles Clippers,LAC,Clippers,2003
Portland Trail Blazers,2003-2004,3,7,5,15,41,41,Lottery,0,0,11,2,2,25.3,Portland Trail Blazers,POR,Trail Blazers,2003
Seattle SuperSonics,2003-2004,4,4,7,15,37,45,Lottery,1,0,8,5,2,25.2,Seattle SuperSonics,SEA,SuperSonics,2003
New Jersey Nets,2002-2003,7,3,4,14,49,33,NBA Finals (Loss),1,0,8,5,1,26.9,New Jersey Nets,NJN,Nets,2002
Milwaukee Bucks,2002-2003,5,7,1,13,42,40,First Round,0,0,8,5,0,27.2,Milwaukee Bucks,MIL,Bucks,2002
Minnesota Timberwolves,2002-2003,4,3,8,15,51,31,First Round,1,0,10,3,2,27.5,Minnesota Timberwolves,MIN,Timberwolves,2002
Philadelphia 76ers,2002-2003,5,6,4,15,48,34,Second Round,1,0,11,4,0,26.7,Philadelphia 76ers,PHI,76ers,2002
Miami Heat,2002-2003,4,3,8,15,25,57,Lottery,0,0,7,5,3,26.4,Miami Heat,MIA,Heat,2002
Chicago Bulls,2002-2003,9,1,5,15,30,52,Lottery,0,0,9,4,2,24.5,Chicago Bulls,CHI,Bulls,2002
Sacramento Kings,2002-2003,4,5,6,15,59,23,Second Round,2,0,12,2,1,27.5,Sacramento Kings,SAC,Kings,2002
Orlando Magic,2002-2003,2,6,6,14,42,40,First Round,1,0,8,4,2,26.1,Orlando Magic,ORL,Magic,2002
Utah Jazz,2002-2003,9,0,6,15,47,35,First Round,0,0,11,2,2,28.1,Utah Jazz,UTA,Jazz,2002
Dallas Mavericks,2002-2003,2,7,6,15,60,22,Conference Finals,2,0,7,4,4,28.5,Dallas Mavericks,DAL,Mavericks,2002
Portland Trail Blazers,2002-2003,4,7,4,15,50,32,First Round,0,0,10,5,0,28.2,Portland Trail Blazers,POR,Trail Blazers,2002
Seattle SuperSonics,2002-2003,3,7,4,14,40,42,Lottery,1,0,6,6,2,25.5,Seattle SuperSonics,SEA,SuperSonics,2002
Memphis Grizzlies,2002-2003,5,7,2,14,28,54,Lottery,0,0,10,3,1,24,Memphis Grizzlies,MEM,Grizzlies,2002
Boston Celtics,2002-2003,3,7,4,14,44,38,Second Round,2,0,9,4,1,27.7,Boston Celtics,BOS,Celtics,2002
Phoenix Suns,2002-2003,5,6,3,14,44,38,First Round,2,0,8,4,2,25.8,Phoenix Suns,PHO,Suns,2002
San Antonio Spurs,2002-2003,4,4,5,13,60,22,NBA Champion,1,1,7,4,2,29.3,San Antonio Spurs,SAS,Spurs,2002
Washington Wizards,2002-2003,5,3,6,14,37,45,Lottery,1,0,11,3,0,26.5,Washington Wizards,WAS,Wizards,2002
New York Knicks,2002-2003,3,6,6,15,37,45,Lottery,0,0,9,6,0,28,New York Knicks,NYK,NY Knicks,2002
Indiana Pacers,2002-2003,9,4,2,15,48,34,First Round,2,0,12,1,2,25.4,Indiana Pacers,IND,Pacers,2002
Houston Rockets,2002-2003,8,3,3,14,43,39,Lottery,2,0,9,4,1,25,Houston Rockets,HOU,Rockets,2002
Atlanta Hawks,2002-2003,6,4,5,15,35,47,Lottery,0,0,9,1,5,26.4,Atlanta Hawks,ATL,Hawks,2002
Los Angeles Lakers,2002-2003,5,2,6,13,50,32,Second Round,2,0,11,0,2,27.1,Los Angeles Lakers,LAL,Lakers,2002
New Orleans Pelicans,2002-2003,3,7,4,14,47,35,First Round,1,0,11,1,2,27.9,New Orleans Pelicans,NOP,Pelicans,2002
Toronto Raptors,2002-2003,4,8,4,16,24,58,Lottery,1,0,10,6,0,27.6,Toronto Raptors,TOR,Raptors,2002
Los Angeles Clippers,2002-2003,8,4,3,15,27,55,Lottery,0,0,11,4,0,24.8,Los Angeles Clippers,LAC,Clippers,2002
Detroit Pistons,2002-2003,3,8,4,15,50,32,Conference Finals,1,0,7,4,4,28.5,Detroit Pistons,DET,Pistons,2002
Golden State Warriors,2002-2003,7,4,1,12,38,44,Lottery,0,0,10,1,1,24.7,Golden State Warriors,GSW,Warriors,2002
Cleveland Cavaliers,2002-2003,5,5,2,12,17,65,Lottery,1,0,7,1,4,22.3,Cleveland Cavaliers,CLE,Cavaliers,2002
Denver Nuggets,2002-2003,4,5,5,14,17,65,Lottery,0,0,6,4,4,23.3,Denver Nuggets,DEN,Nuggets,2002
Detroit Pistons,2001-2002,3,7,4,15,50,32,Second Round,0,0,6,3,6,27.5,Detroit Pistons,DET,Pistons,2001
Atlanta Hawks,2001-2002,7,4,5,16,33,49,Lottery,1,0,10,3,3,25.6,Atlanta Hawks,ATL,Hawks,2001
Indiana Pacers,2001-2002,8,5,2,15,42,40,First Round,1,0,11,2,2,24.1,Indiana Pacers,IND,Pacers,2001
New Jersey Nets,2001-2002,7,2,5,14,52,30,NBA Finals (Loss),1,0,7,6,1,25.3,New Jersey Nets,NJN,Nets,2001
Los Angeles Clippers,2001-2002,6,3,6,15,39,43,Lottery,1,0,8,5,2,24.6,Los Angeles Clippers,LAC,Clippers,2001
Seattle SuperSonics,2001-2002,7,2,6,15,45,37,First Round,1,0,5,9,1,25,Seattle SuperSonics,SEA,SuperSonics,2001
Washington Wizards,2001-2002,5,6,3,14,37,45,Lottery,1,0,9,4,1,25.9,Washington Wizards,WAS,Wizards,2001
Cleveland Cavaliers,2001-2002,6,7,2,15,29,53,Lottery,0,0,13,2,0,25.4,Cleveland Cavaliers,CLE,Cavaliers,2001
Milwaukee Bucks,2001-2002,5,5,4,14,41,41,Lottery,1,0,8,5,1,27.9,Milwaukee Bucks,MIL,Bucks,2001
Houston Rockets,2001-2002,7,4,4,15,28,54,Lottery,1,0,9,4,2,25.7,Houston Rockets,HOU,Rockets,2001
Philadelphia 76ers,2001-2002,5,7,3,15,43,39,First Round,2,0,10,4,1,26.6,Philadelphia 76ers,PHI,76ers,2001
Denver Nuggets,2001-2002,3,6,6,15,27,55,Lottery,0,0,7,3,5,26.4,Denver Nuggets,DEN,Nuggets,2001
New York Knicks,2001-2002,2,7,5,14,30,52,Lottery,0,0,9,4,1,29.2,New York Knicks,NYK,NY Knicks,2001
Golden State Warriors,2001-2002,5,8,1,14,21,61,Lottery,0,0,10,3,1,25.4,Golden State Warriors,GSW,Warriors,2001
Miami Heat,2001-2002,2,4,9,15,36,46,Lottery,1,0,9,3,3,27.9,Miami Heat,MIA,Heat,2001
Chicago Bulls,2001-2002,7,4,2,13,21,61,Lottery,0,0,8,3,2,24.1,Chicago Bulls,CHI,Bulls,2001
Sacramento Kings,2001-2002,4,5,4,13,61,21,Conference Finals,2,0,10,3,0,26.9,Sacramento Kings,SAC,Kings,2001
Orlando Magic,2001-2002,3,5,7,15,44,38,First Round,1,0,9,3,3,27.8,Orlando Magic,ORL,Magic,2001
Utah Jazz,2001-2002,9,1,4,14,44,38,First Round,1,0,8,2,4,28.3,Utah Jazz,UTA,Jazz,2001
Dallas Mavericks,2001-2002,3,7,5,15,57,25,Second Round,2,0,7,6,2,27.8,Dallas Mavericks,DAL,Mavericks,2001
Toronto Raptors,2001-2002,3,9,4,16,42,40,First Round,1,0,10,3,3,28,Toronto Raptors,TOR,Raptors,2001
Portland Trail Blazers,2001-2002,4,7,4,15,49,33,First Round,0,0,9,4,2,28.2,Portland Trail Blazers,POR,Trail Blazers,2001
Minnesota Timberwolves,2001-2002,5,3,7,15,50,32,First Round,2,0,10,3,2,26.5,Minnesota Timberwolves,MIN,Timberwolves,2001
Memphis Grizzlies,2001-2002,5,5,4,14,23,59,Lottery,0,0,8,5,1,25.3,Memphis Grizzlies,MEM,Grizzlies,2001
Los Angeles Lakers,2001-2002,4,2,7,13,58,24,NBA Champion,2,0,11,1,1,27.5,Los Angeles Lakers,LAL,Lakers,2001
Boston Celtics,2001-2002,4,8,3,15,49,33,Conference Finals,2,0,12,2,1,25.1,Boston Celtics,BOS,Celtics,2001
Phoenix Suns,2001-2002,3,8,3,14,36,46,Lottery,0,0,8,3,3,25.7,Phoenix Suns,PHO,Suns,2001
Charlotte Hornets,2001-2002,4,6,4,14,44,38,Second Round,1,0,10,2,2,27.4,Charlotte Hornets,CHH,Hornets,2001
San Antonio Spurs,2001-2002,3,2,10,15,58,24,Second Round,1,1,10,4,1,28.4,San Antonio Spurs,SAS,Spurs,2001
Sacramento Kings,2000-2001,5,3,6,14,55,27,Second Round,2,0,10,2,2,27,Sacramento Kings,SAC,Kings,2000
Orlando Magic,2000-2001,2,4,8,14,43,39,First Round,2,0,8,2,4,26.1,Orlando Magic,ORL,Magic,2000
Utah Jazz,2000-2001,8,1,5,14,53,29,First Round,1,0,10,1,3,29.4,Utah Jazz,UTA,Jazz,2000
Dallas Mavericks,2000-2001,4,7,4,15,53,29,Second Round,1,0,8,7,0,25.8,Dallas Mavericks,DAL,Mavericks,2000
Toronto Raptors,2000-2001,2,9,2,13,47,35,Second Round,2,0,9,2,2,27.9,Toronto Raptors,TOR,Raptors,2000
Phoenix Suns,2000-2001,2,4,7,13,51,31,First Round,1,0,7,5,1,28.7,Phoenix Suns,PHO,Suns,2000
Seattle SuperSonics,2000-2001,5,3,4,12,44,38,Lottery,1,0,5,6,1,26.6,Seattle SuperSonics,SEA,SuperSonics,2000
Minnesota Timberwolves,2000-2001,5,3,7,15,47,35,First Round,1,0,11,3,1,27.2,Minnesota Timberwolves,MIN,Timberwolves,2000
Portland Trail Blazers,2000-2001,2,6,7,15,50,32,First Round,1,0,13,1,1,30.4,Portland Trail Blazers,POR,Trail Blazers,2000
Boston Celtics,2000-2001,3,7,5,15,36,46,Lottery,0,0,9,4,2,25.4,Boston Celtics,BOS,Celtics,2000
Charlotte Hornets,2000-2001,3,5,6,14,46,36,Second Round,0,0,9,2,3,28.3,Charlotte Hornets,CHH,Hornets,2000
San Antonio Spurs,2000-2001,3,3,9,15,58,24,Conference Finals,2,0,8,4,3,29.1,San Antonio Spurs,SAS,Spurs,2000
Detroit Pistons,2000-2001,2,8,4,14,32,50,Lottery,1,0,7,2,5,26.8,Detroit Pistons,DET,Pistons,2000
Atlanta Hawks,2000-2001,7,5,1,13,25,57,Lottery,1,0,9,3,1,24.4,Atlanta Hawks,ATL,Hawks,2000
Indiana Pacers,2000-2001,6,3,6,15,41,41,First Round,0,0,11,4,0,26.6,Indiana Pacers,IND,Pacers,2000
Miami Heat,2000-2001,1,8,6,15,50,32,First Round,2,0,10,3,2,29,Miami Heat,MIA,Heat,2000
Washington Wizards,2000-2001,3,8,4,15,19,63,Lottery,0,0,7,6,2,26.7,Washington Wizards,WAS,Wizards,2000
Los Angeles Lakers,2000-2001,5,3,7,15,56,26,NBA Champion,2,0,12,1,2,27.6,Los Angeles Lakers,LAL,Lakers,2000
Los Angeles Clippers,2000-2001,7,4,4,15,31,51,Lottery,0,0,9,3,3,24.1,Los Angeles Clippers,LAC,Clippers,2000
Milwaukee Bucks,2000-2001,6,6,3,15,52,30,Conference Finals,2,0,8,5,2,26.7,Milwaukee Bucks,MIL,Bucks,2000
Cleveland Cavaliers,2000-2001,5,8,2,15,30,52,Lottery,0,0,11,4,0,26.6,Cleveland Cavaliers,CLE,Cavaliers,2000
Houston Rockets,2000-2001,6,3,5,14,45,37,Lottery,0,0,8,4,2,26.3,Houston Rockets,HOU,Rockets,2000
Philadelphia 76ers,2000-2001,4,5,6,15,56,26,NBA Finals (Loss),2,1,8,4,3,25.9,Philadelphia 76ers,PHI,76ers,2000
Denver Nuggets,2000-2001,3,7,5,15,40,42,Lottery,1,0,8,5,2,27.5,Denver Nuggets,DEN,Nuggets,2000
New York Knicks,2000-2001,2,9,3,15,48,34,First Round,2,0,12,2,1,29.1,New York Knicks,NYK,NY Knicks,2000
Golden State Warriors,2000-2001,5,9,2,16,17,65,Lottery,0,0,12,2,2,26.3,Golden State Warriors,GSW,Warriors,2000
Vancouver Grizzlies,2000-2001,4,5,5,14,23,59,Lottery,0,0,7,5,2,27.9,Vancouver Grizzlies,VAN,Grizzlies,2000
New Jersey Nets,2000-2001,5,5,8,18,26,56,Lottery,1,0,6,9,3,26.7,New Jersey Nets,NJN,Nets,2000
Chicago Bulls,2000-2001,10,1,4,15,15,67,Lottery,0,0,8,5,2,22.7,Chicago Bulls,CHI,Bulls,2000
Philadelphia 76ers,1999-2000,4,5,5,14,49,33,Second Round,1,0,7,5,2,25.9,Philadelphia 76ers,PHI,76ers,1999
Cleveland Cavaliers,1999-2000,8,4,3,15,32,50,Lottery,0,0,10,4,1,25.6,Cleveland Cavaliers,CLE,Cavaliers,1999
Los Angeles Clippers,1999-2000,5,2,7,14,15,67,Lottery,0,0,9,1,4,25,Los Angeles Clippers,LAC,Clippers,1999
Sacramento Kings,1999-2000,5,2,7,14,44,38,First Round,1,0,10,3,1,27.5,Sacramento Kings,SAC,Kings,1999
Houston Rockets,1999-2000,5,5,5,15,34,48,Lottery,0,0,8,5,2,27.4,Houston Rockets,HOU,Rockets,1999
Atlanta Hawks,1999-2000,6,3,3,12,28,54,Lottery,1,0,9,3,0,25.4,Atlanta Hawks,ATL,Hawks,1999
Denver Nuggets,1999-2000,6,4,4,14,35,47,Lottery,0,0,10,4,0,25.8,Denver Nuggets,DEN,Nuggets,1999
Detroit Pistons,1999-2000,3,4,7,14,42,40,First Round,2,0,9,1,4,28.4,Detroit Pistons,DET,Pistons,1999
Seattle SuperSonics,1999-2000,4,3,8,15,45,37,First Round,1,0,6,6,3,27.4,Seattle SuperSonics,SEA,SuperSonics,1999
Vancouver Grizzlies,1999-2000,5,5,4,14,22,60,Lottery,0,0,8,5,1,26.7,Vancouver Grizzlies,VAN,Grizzlies,1999
Golden State Warriors,1999-2000,4,8,4,16,19,63,Lottery,0,0,13,2,1,26.2,Golden State Warriors,GSW,Warriors,1999
New Jersey Nets,1999-2000,3,7,4,14,31,51,Lottery,0,0,6,8,0,27.6,New Jersey Nets,NJN,Nets,1999
New York Knicks,1999-2000,2,4,7,13,50,32,Conference Finals,1,0,8,3,2,29.7,New York Knicks,NYK,NY Knicks,1999
Minnesota Timberwolves,1999-2000,5,4,4,13,50,32,First Round,1,0,10,3,0,26.5,Minnesota Timberwolves,MIN,Timberwolves,1999
Indiana Pacers,1999-2000,8,4,2,14,56,26,NBA Finals (Loss),2,0,13,1,0,28.4,Indiana Pacers,IND,Pacers,1999
Phoenix Suns,1999-2000,2,4,9,15,53,29,Second Round,1,0,12,3,0,28,Phoenix Suns,PHO,Suns,1999
Toronto Raptors,1999-2000,4,7,3,15,45,37,First Round,1,0,10,4,1,28,Toronto Raptors,TOR,Raptors,1999
Dallas Mavericks,1999-2000,2,6,7,15,40,42,Lottery,1,0,7,5,3,26,Dallas Mavericks,DAL,Mavericks,1999
Orlando Magic,1999-2000,3,6,6,15,41,41,Lottery,0,0,8,2,5,24.8,Orlando Magic,ORL,Magic,1999
Portland Trail Blazers,1999-2000,2,4,9,15,59,23,Conference Finals,1,0,12,1,2,29,Portland Trail Blazers,POR,Trail Blazers,1999
Boston Celtics,1999-2000,2,6,6,14,35,47,Lottery,0,0,12,1,1,26.1,Boston Celtics,BOS,Celtics,1999
San Antonio Spurs,1999-2000,3,3,8,14,53,29,First Round,2,0,7,5,2,29.8,San Antonio Spurs,SAS,Spurs,1999
Chicago Bulls,1999-2000,4,2,7,13,17,65,Lottery,0,0,8,4,1,26,Chicago Bulls,CHI,Bulls,1999
Utah Jazz,1999-2000,7,2,3,12,55,27,Second Round,2,0,9,3,0,29.5,Utah Jazz,UTA,Jazz,1999
Miami Heat,1999-2000,2,4,8,15,52,30,Second Round,1,0,8,3,4,27.7,Miami Heat,MIA,Heat,1999
Charlotte Hornets,1999-2000,2,4,7,14,49,33,First Round,1,0,7,2,5,27.5,Charlotte Hornets,CHH,Hornets,1999
Washington Wizards,1999-2000,5,3,7,15,29,53,Lottery,0,0,5,7,3,26.6,Washington Wizards,WAS,Wizards,1999
Los Angeles Lakers,1999-2000,5,4,5,14,67,15,NBA Champion,2,1,13,1,0,27.7,Los Angeles Lakers,LAL,Lakers,1999
Milwaukee Bucks,1999-2000,4,5,5,14,42,40,First Round,2,0,9,3,2,26.6,Milwaukee Bucks,MIL,Bucks,1999
