Rk,Team,home_games,home_total,home_avg,home_pct,road_games,road_avg,road_pct,ov_games,ov_avg,ov_pct,year,Team,Abbrev,Nickname
1,Spurs,41,"913,175","22,272",--,41,"16,690",--,82,"19,481",--,2001,San Antonio Spurs,SAS,Spurs
2,Bulls,41,"888,654","21,674",--,41,"16,336",--,82,"19,005",--,2001,Chicago Bulls,CHI,Bulls
3,Trail Blazers,41,"831,385","20,277",--,41,"17,037",--,82,"18,657",--,2001,Portland Trail Blazers,POR,Trail Blazers
4,NY Knicks,41,"810,283","19,763",--,41,"17,680",--,82,"18,721",--,2001,New York Knicks,NYK,NY Knicks
5,76ers,41,"805,692","19,651",--,41,"18,582",--,82,"19,116",--,2001,Philadelphia 76ers,PHI,76ers
6,Raptors,41,"793,256","19,347",--,41,"17,611",--,82,"18,479",--,2001,Toronto Raptors,TOR,Raptors
7,Jazz,41,"792,196","19,321",--,41,"16,989",--,82,"18,155",--,2001,Utah Jazz,UTA,Jazz
8,Lakers,41,"776,336","18,935",--,41,"19,628",--,82,"19,281",--,2001,Los Angeles Lakers,LAL,Lakers
9,Suns,41,"737,586","17,989",--,41,"17,157",--,82,"17,573",--,2001,Phoenix Suns,PHO,Suns
10,Pacers,41,"733,444","17,888",--,41,"16,508",--,82,"17,198",--,2001,Indiana Pacers,IND,Pacers
11,Timberwolves,41,"717,371","17,496",--,41,"16,787",--,82,"17,142",--,2001,Minnesota Timberwolves,MIN,Timberwolves
12,Kings,41,"709,997","17,317",--,41,"18,438",--,82,"17,877",--,2001,Sacramento Kings,SAC,Kings
13,Bucks,41,"683,125","16,661",--,41,"16,584",--,82,"16,623",--,2001,Milwaukee Bucks,MIL,Bucks
14,Mavericks,41,"680,138","16,588",--,41,"15,761",--,82,"16,175",--,2001,Dallas Mavericks,DAL,Mavericks
15,Heat,41,"677,186","16,516",--,41,"17,046",--,82,"16,781",--,2001,Miami Heat,MIA,Heat
16,Cavaliers,41,"650,775","15,872",--,41,"16,064",--,82,"15,968",--,2001,Cleveland Cavaliers,CLE,Cavaliers
17,Thunder,41,"640,847","15,630",--,41,"16,497",--,82,"16,063",--,2001,Oklahoma City Thunder,OKC,Thunder
18,Wizards,41,"638,653","15,576",--,41,"15,872",--,82,"15,724",--,2001,Washington Wizards,WAS,Wizards
19,Celtics,41,"629,201","15,346",--,41,"16,436",--,82,"15,891",--,2001,Boston Celtics,BOS,Celtics
20,Nuggets,41,"619,300","15,104",--,41,"16,403",--,82,"15,754",--,2001,Denver Nuggets,DEN,Nuggets
21,Pelicans,41,"615,424","15,010",--,41,"16,500",--,82,"15,755",--,2001,New Orleans Pelicans,NOP,Pelicans
22,Pistons,41,"607,323","14,812",--,41,"16,397",--,82,"15,604",--,2001,Detroit Pistons,DET,Pistons
23,Magic,41,"605,031","14,756",--,41,"16,810",--,82,"15,783",--,2001,Orlando Magic,ORL,Magic
24,Clippers,41,"599,448","14,620",--,41,"15,823",--,82,"15,222",--,2001,Los Angeles Clippers,LAC,Clippers
25,Warriors,41,"591,981","14,438",--,41,"16,058",--,82,"15,248",--,2001,Golden State Warriors,GSW,Warriors
26,Nets,41,"566,077","13,806",--,41,"16,085",--,82,"14,946",--,2001,Brooklyn Nets,BRK,Nets
27,Grizzlies,41,"563,218","13,737",--,41,"15,822",--,82,"14,779",--,2001,Memphis Grizzlies,MEM,Grizzlies
28,Hawks,41,"560,324","13,666",--,41,"16,403",--,82,"15,035",--,2001,Atlanta Hawks,ATL,Hawks
29,Rockets,41,"518,555","12,647",--,41,"16,714",--,82,"14,680",--,2001,Houston Rockets,HOU,Rockets
1,Spurs,41,"906,390","22,107",--,41,"17,248",125.7,82,"19,677",286.8,2002,San Antonio Spurs,SAS,Spurs
2,Wizards,41,"847,634","20,674",--,41,"19,939",121.7,82,"20,306",247.9,2002,Washington Wizards,WAS,Wizards
3,76ers,41,"842,976","20,560",100.6,41,"18,720",130.5,82,"19,640",112.9,2002,Philadelphia 76ers,PHI,76ers
4,Raptors,41,"811,135","19,783",99.9,41,"17,200",111.6,82,"18,492",105,2002,Toronto Raptors,TOR,Raptors
5,NY Knicks,41,"810,283","19,763",102.5,41,"17,082",114.2,82,"18,422",107.6,2002,New York Knicks,NYK,NY Knicks
6,Mavericks,41,"802,783","19,580",--,41,"17,049",124.3,82,"18,314",267,2002,Dallas Mavericks,DAL,Mavericks
7,Trail Blazers,41,"797,821","19,459",97.4,41,"16,483",129.3,82,"17,971",109.8,2002,Portland Trail Blazers,POR,Trail Blazers
8,Lakers,41,"778,877","18,997",98.5,41,"20,102",157.3,82,"19,549",121.9,2002,Los Angeles Lakers,LAL,Lakers
9,Bulls,41,"776,311","18,934",87.2,41,"16,000",107.9,82,"17,467",95.6,2002,Chicago Bulls,CHI,Bulls
10,Jazz,41,"766,108","18,685",93.8,41,"16,667",130.7,82,"17,676",108.2,2002,Utah Jazz,UTA,Jazz
11,Pistons,41,"760,807","18,556",84.1,41,"16,417",110.7,82,"17,486",94.8,2002,Detroit Pistons,DET,Pistons
12,Bucks,41,"745,305","18,178",97.1,41,"17,043",113.3,82,"17,610",104.3,2002,Milwaukee Bucks,MIL,Bucks
13,Clippers,41,"740,185","18,053",--,41,"16,569",120.8,82,"17,311",252.3,2002,Los Angeles Clippers,LAC,Clippers
14,Timberwolves,41,"731,673","17,845",93.9,41,"16,961",132.6,82,"17,403",109.5,2002,Minnesota Timberwolves,MIN,Timberwolves
15,Kings,41,"709,997","17,317",100,41,"17,701",137.5,82,"17,509",116,2002,Sacramento Kings,SAC,Kings
16,Pacers,41,"686,537","16,744",91.3,41,"16,677",111.1,82,"16,711",100.2,2002,Indiana Pacers,IND,Pacers
17,Suns,41,"668,939","16,315",85.8,41,"16,765",131,82,"16,540",104,2002,Phoenix Suns,PHO,Suns
18,Celtics,41,"659,751","16,091",86.4,41,"17,576",117,82,"16,833",100.1,2002,Boston Celtics,BOS,Celtics
19,Heat,41,"655,549","15,989",81.6,41,"16,702",112.5,82,"16,345",94.9,2002,Miami Heat,MIA,Heat
20,Nuggets,41,"633,846","15,459",--,41,"16,396",119.5,82,"15,928",232.2,2002,Denver Nuggets,DEN,Nuggets
21,Thunder,41,"633,516","15,451",90.5,41,"16,013",124.2,82,"15,732",105,2002,Oklahoma City Thunder,OKC,Thunder
22,Magic,41,"621,121","15,149",87.8,41,"17,345",115.6,82,"16,247",100.7,2002,Orlando Magic,ORL,Magic
23,Cavaliers,41,"596,115","14,539",70.7,41,"15,809",102.8,82,"15,174",84.4,2002,Cleveland Cavaliers,CLE,Cavaliers
24,Warriors,41,"593,182","14,467",73.8,41,"16,202",126.9,82,"15,335",94.8,2002,Golden State Warriors,GSW,Warriors
25,Grizzlies,41,"591,030","14,415",--,41,"15,841",115.5,82,"15,128",220.5,2002,Memphis Grizzlies,MEM,Grizzlies
26,Nets,41,"564,194","13,760",68.8,41,"16,403",109.7,82,"15,082",86.3,2002,Brooklyn Nets,BRK,Nets
27,Hawks,41,"506,110","12,344",--,41,"16,315",102.7,82,"14,329",180.3,2002,Atlanta Hawks,ATL,Hawks
28,Rockets,41,"481,227","11,737",--,41,"16,551",120.6,82,"14,144",206.2,2002,Houston Rockets,HOU,Rockets
29,Pelicans,41,"462,738","11,286",47.4,41,"16,457",111.5,82,"13,871",71.9,2002,New Orleans Pelicans,NOP,Pelicans
1,Pistons,41,"839,278","20,470",92.7,41,"16,053",107.4,82,"18,261",98.7,2003,Detroit Pistons,DET,Pistons
2,Wizards,41,"827,092","20,172",--,41,"19,311",120.3,82,"19,742",246,2003,Washington Wizards,WAS,Wizards
3,Mavericks,41,"816,429","19,912",--,41,"17,618",121.8,82,"18,765",259.5,2003,Dallas Mavericks,DAL,Mavericks
4,76ers,41,"807,097","19,685",96.3,41,"18,408",122,82,"19,046",107.2,2003,Philadelphia 76ers,PHI,76ers
5,Bulls,41,"804,303","19,617",90.4,41,"16,268",108.6,82,"17,942",97.8,2003,Chicago Bulls,CHI,Bulls
6,Trail Blazers,41,"796,250","19,420",97.2,41,"16,458",122,82,"17,939",107.2,2003,Portland Trail Blazers,POR,Trail Blazers
7,Jazz,41,"786,034","19,171",96.3,41,"16,585",122.9,82,"17,878",107,2003,Utah Jazz,UTA,Jazz
8,NY Knicks,41,"779,479","19,011",98.6,41,"17,104",113.5,82,"18,058",105.1,2003,New York Knicks,NYK,NY Knicks
9,Lakers,41,"777,888","18,972",98.4,41,"19,107",141.3,82,"19,040",116.1,2003,Los Angeles Lakers,LAL,Lakers
10,Raptors,41,"777,507","18,963",95.8,41,"16,509",109.7,82,"17,736",101.8,2003,Toronto Raptors,TOR,Raptors
11,Spurs,41,"735,970","17,950",97,41,"16,559",122.1,82,"17,255",107.6,2003,San Antonio Spurs,SAS,Spurs
12,Kings,41,"709,997","17,317",100,41,"17,924",131.6,82,"17,620",113.9,2003,Sacramento Kings,SAC,Kings
13,Celtics,41,"709,049","17,293",92.9,41,"17,263",111.1,82,"17,278",101.2,2003,Boston Celtics,BOS,Celtics
14,Clippers,41,"706,471","17,231",--,41,"16,276",112.5,82,"16,753",231.7,2003,Los Angeles Clippers,LAC,Clippers
15,Pacers,41,"670,461","16,352",89.1,41,"16,856",110.9,82,"16,604",99,2003,Indiana Pacers,IND,Pacers
16,Suns,41,"666,559","16,257",85.5,41,"16,318",120.6,82,"16,288",100.1,2003,Phoenix Suns,PHO,Suns
17,Bucks,41,"665,966","16,243",86.8,41,"16,327",107.8,82,"16,285",96.2,2003,Milwaukee Bucks,MIL,Bucks
18,Timberwolves,41,"643,684","15,699",82.6,41,"16,657",123.1,82,"16,178",99.4,2003,Minnesota Timberwolves,MIN,Timberwolves
19,Pelicans,41,"641,683","15,650",91,41,"16,481",105.2,82,"16,066",97.8,2003,New Orleans Pelicans,NOP,Pelicans
20,Thunder,41,"637,194","15,541",91,41,"16,243",119.2,82,"15,892",103.5,2003,Oklahoma City Thunder,OKC,Thunder
21,Warriors,41,"634,935","15,486",79,41,"16,297",120.7,82,"15,891",96,2003,Golden State Warriors,GSW,Warriors
22,Heat,41,"628,242","15,322",78.2,41,"15,844",105.5,82,"15,583",90,2003,Miami Heat,MIA,Heat
23,Nets,41,"622,574","15,184",76,41,"16,956",112.4,82,"16,070",91.6,2003,Brooklyn Nets,BRK,Nets
24,Grizzlies,41,"611,322","14,910",--,41,"16,277",112.5,82,"15,593",215.6,2003,Memphis Grizzlies,MEM,Grizzlies
25,Nuggets,41,"607,813","14,824",--,41,"16,299",112.7,82,"15,562",215.2,2003,Denver Nuggets,DEN,Nuggets
26,Magic,41,"605,901","14,778",85.7,41,"17,305",114.4,82,"16,041",99.1,2003,Orlando Magic,ORL,Magic
27,Rockets,41,"565,166","13,784",--,41,"17,919",123.9,82,"15,851",219.2,2003,Houston Rockets,HOU,Rockets
28,Hawks,41,"528,655","12,894",--,41,"16,294",101.3,82,"14,594",181.4,2003,Atlanta Hawks,ATL,Hawks
29,Cavaliers,41,"471,374","11,496",55.9,41,"16,087",107.1,82,"13,792",77.5,2003,Cleveland Cavaliers,CLE,Cavaliers
1,Pistons,41,"872,902","21,290",96.4,41,"17,127",107.8,82,"19,209",101.2,2004,Detroit Pistons,DET,Pistons
2,Mavericks,41,"825,594","20,136",--,41,"17,452",113.6,82,"18,794",244.6,2004,Dallas Mavericks,DAL,Mavericks
3,Bulls,41,"809,177","19,736",90.9,41,"16,517",106.9,82,"18,126",97.6,2004,Chicago Bulls,CHI,Bulls
4,76ers,41,"788,128","19,222",94,41,"17,672",114,82,"18,447",102.6,2004,Philadelphia 76ers,PHI,76ers
5,NY Knicks,41,"785,739","19,164",99.4,41,"17,589",109.8,82,"18,376",104.1,2004,New York Knicks,NYK,NY Knicks
6,Jazz,41,"785,330","19,154",96.2,41,"16,537",114.9,82,"17,845",104,2004,Utah Jazz,UTA,Jazz
7,Lakers,41,"777,757","18,969",98.4,41,"19,380",134.4,82,"19,175",113.8,2004,Los Angeles Lakers,LAL,Lakers
8,Raptors,41,"750,608","18,307",92.5,41,"16,480",105.8,82,"17,394",98.3,2004,Toronto Raptors,TOR,Raptors
9,Cavaliers,41,"749,790","18,287",88.9,41,"18,755",121.2,82,"18,521",102.8,2004,Cleveland Cavaliers,CLE,Cavaliers
10,Spurs,41,"739,706","18,041",97.5,41,"17,347",119.9,82,"17,694",107.4,2004,San Antonio Spurs,SAS,Spurs
11,Timberwolves,41,"723,071","17,635",92.8,41,"17,862",123.7,82,"17,749",106.1,2004,Minnesota Timberwolves,MIN,Timberwolves
12,Nuggets,41,"721,476","17,596",--,41,"17,184",111.8,82,"17,390",226.4,2004,Denver Nuggets,DEN,Nuggets
13,Kings,41,"709,997","17,317",100,41,"17,813",122.7,82,"17,565",110.3,2004,Sacramento Kings,SAC,Kings
14,Bucks,41,"690,180","16,833",89.9,41,"16,213",104.1,82,"16,523",96.4,2004,Milwaukee Bucks,MIL,Bucks
15,Trail Blazers,41,"684,038","16,683",83.5,41,"16,282",113.1,82,"16,483",95.9,2004,Portland Trail Blazers,POR,Trail Blazers
16,Pacers,41,"678,326","16,544",90.2,41,"17,710",113.6,82,"17,127",101,2004,Indiana Pacers,IND,Pacers
17,Suns,41,"670,385","16,350",86,41,"16,461",114,82,"16,406",98.1,2004,Phoenix Suns,PHO,Suns
18,Warriors,41,"665,648","16,235",82.9,41,"15,885",110.2,82,"16,060",94.5,2004,Golden State Warriors,GSW,Warriors
19,Clippers,41,"665,396","16,229",--,41,"16,258",108.8,82,"16,243",217.3,2004,Los Angeles Clippers,LAC,Clippers
20,Celtics,41,"664,248","16,201",87,41,"16,955",109.3,82,"16,578",97.1,2004,Boston Celtics,BOS,Celtics
21,Wizards,41,"645,363","15,740",--,41,"16,008",96.9,82,"15,874",192.3,2004,Washington Wizards,WAS,Wizards
22,Rockets,41,"640,794","15,629",84.5,41,"17,768",122.9,82,"16,698",101.3,2004,Houston Rockets,HOU,Rockets
23,Thunder,41,"625,474","15,255",91.6,41,"16,842",115.9,82,"16,049",102.9,2004,Oklahoma City Thunder,OKC,Thunder
24,Heat,41,"624,809","15,239",77.8,41,"16,524",106.5,82,"15,881",90.4,2004,Miami Heat,MIA,Heat
25,Grizzlies,41,"622,723","15,188",--,41,"16,695",108.7,82,"15,941",207.5,2004,Memphis Grizzlies,MEM,Grizzlies
26,Nets,41,"613,051","14,952",74.8,41,"17,358",111.9,82,"16,155",91,2004,Brooklyn Nets,BRK,Nets
27,Magic,41,"589,144","14,369",83.3,41,"16,793",107.5,82,"15,581",94.8,2004,Orlando Magic,ORL,Magic
28,Pelicans,41,"587,613","14,332",83.3,41,"16,679",106.6,82,"15,505",94.4,2004,New Orleans Pelicans,NOP,Pelicans
29,Hawks,41,"565,728","13,798",--,41,"16,282",98.9,82,"15,040",182.7,2004,Atlanta Hawks,ATL,Hawks
1,Pistons,41,"905,116","22,076",100,41,"17,868",110.8,82,"19,972",104.6,2005,Detroit Pistons,DET,Pistons
2,Bulls,41,"828,384","20,204",93.1,41,"17,334",107.2,82,"18,769",99.1,2005,Chicago Bulls,CHI,Bulls
3,Mavericks,41,"822,533","20,061",--,41,"17,259",105.8,82,"18,660",228.8,2005,Dallas Mavericks,DAL,Mavericks
4,Heat,41,"815,143","19,881",101.4,41,"18,891",116.3,82,"19,386",108.2,2005,Miami Heat,MIA,Heat
5,NY Knicks,41,"800,144","19,515",101.2,41,"17,540",104.7,82,"18,528",102.8,2005,New York Knicks,NYK,NY Knicks
6,Cavaliers,41,"784,249","19,128",93,41,"18,275",109.5,82,"18,701",100.4,2005,Cleveland Cavaliers,CLE,Cavaliers
7,Lakers,41,"770,494","18,792",97.5,41,"18,810",121.8,82,"18,801",108.3,2005,Los Angeles Lakers,LAL,Lakers
8,Jazz,41,"769,014","18,756",94.2,41,"16,923",109.7,82,"17,839",101,2005,Utah Jazz,UTA,Jazz
9,Spurs,41,"750,970","18,316",99,41,"17,419",113,82,"17,868",105.4,2005,San Antonio Spurs,SAS,Spurs
10,76ers,41,"732,686","17,870",87.4,41,"17,933",111.6,82,"17,902",98.1,2005,Philadelphia 76ers,PHI,76ers
11,Suns,41,"726,066","17,708",93.1,41,"17,570",114.1,82,"17,639",102.5,2005,Phoenix Suns,PHO,Suns
12,Nuggets,41,"723,949","17,657",--,41,"17,506",101.4,82,"17,582",203.7,2005,Denver Nuggets,DEN,Nuggets
13,Kings,41,"709,997","17,317",100,41,"17,702",110.9,82,"17,509",105.2,2005,Sacramento Kings,SAC,Kings
14,Wizards,41,"705,069","17,196",--,41,"16,862",98.5,82,"17,029",198.9,2005,Washington Wizards,WAS,Wizards
15,Timberwolves,41,"704,438","17,181",90.4,41,"17,874",116,82,"17,527",101.9,2005,Minnesota Timberwolves,MIN,Timberwolves
16,Raptors,41,"703,388","17,155",86.6,41,"16,677",100.1,82,"16,916",92.8,2005,Toronto Raptors,TOR,Raptors
17,Pacers,41,"696,764","16,994",92.6,41,"16,895",104.3,82,"16,944",98.1,2005,Indiana Pacers,IND,Pacers
18,Clippers,41,"696,181","16,980",--,41,"16,735",99.3,82,"16,857",200.1,2005,Los Angeles Clippers,LAC,Clippers
19,Grizzlies,41,"691,362","16,862",91.6,41,"16,621",107.4,82,"16,742",98.8,2005,Memphis Grizzlies,MEM,Grizzlies
20,Trail Blazers,41,"680,374","16,594",83.1,41,"16,658",108.4,82,"16,626",94.1,2005,Portland Trail Blazers,POR,Trail Blazers
21,Thunder,41,"675,490","16,475",96.5,41,"17,029",109.5,82,"16,752",102.7,2005,Oklahoma City Thunder,OKC,Thunder
22,Warriors,41,"670,368","16,350",83.4,41,"16,708",108.7,82,"16,529",94.5,2005,Golden State Warriors,GSW,Warriors
23,Rockets,41,"663,444","16,181",87.5,41,"18,183",111.1,82,"17,182",98.6,2005,Houston Rockets,HOU,Rockets
24,Celtics,41,"656,081","16,001",85.9,41,"17,216",105.1,82,"16,609",94.9,2005,Boston Celtics,BOS,Celtics
25,Bucks,41,"637,009","15,536",83,41,"16,651",99.4,82,"16,094",90.8,2005,Milwaukee Bucks,MIL,Bucks
26,Nets,41,"618,681","15,089",75.5,41,"16,624",102.9,82,"15,857",87.7,2005,Brooklyn Nets,BRK,Nets
27,Magic,41,"597,942","14,583",84.6,41,"17,510",106.9,82,"16,047",95.4,2005,Orlando Magic,ORL,Magic
28,Hornets,41,"591,701","14,431",60.6,41,"16,717",104.7,82,"15,574",78.3,2005,New Orleans/Oklahoma City Hornets,NOK,Hornets
29,Hawks,41,"586,390","14,302",--,41,"16,730",97.2,82,"15,516",180.3,2005,Atlanta Hawks,ATL,Hawks
30,Pelicans,41,"583,070","14,221",82.7,41,"16,690",107.6,82,"15,456",94.5,2005,New Orleans Pelicans,NOP,Pelicans
1,Pistons,41,"905,116","22,076",100,41,"18,637",123.9,82,"20,356",109.7,2006,Detroit Pistons,DET,Pistons
2,Bulls,41,"868,720","21,188",97.6,41,"17,397",119.6,82,"19,292",106.4,2006,Chicago Bulls,CHI,Bulls
3,Mavericks,41,"824,693","20,114",--,41,"17,591",118,82,"18,853",252.9,2006,Dallas Mavericks,DAL,Mavericks
4,Heat,41,"818,149","19,954",101.8,41,"18,991",129.5,82,"19,473",113.7,2006,Miami Heat,MIA,Heat
5,Cavaliers,41,"792,391","19,326",94,41,"18,800",124.5,82,"19,063",106.9,2006,Cleveland Cavaliers,CLE,Cavaliers
6,NY Knicks,41,"776,176","18,931",98.2,41,"17,572",120.2,82,"18,251",107.7,2006,New York Knicks,NYK,NY Knicks
7,Lakers,41,"774,189","18,882",97.9,41,"18,812",130.1,82,"18,847",111.7,2006,Los Angeles Lakers,LAL,Lakers
8,Spurs,41,"770,677","18,797",101.6,41,"18,376",130.3,82,"18,586",114,2006,San Antonio Spurs,SAS,Spurs
9,Jazz,41,"751,621","18,332",92.1,41,"17,048",122.1,82,"17,690",104.5,2006,Utah Jazz,UTA,Jazz
10,Warriors,41,"749,185","18,272",93.2,41,"16,775",112.7,82,"17,524",101.6,2006,Golden State Warriors,GSW,Warriors
11,Pelicans,41,"744,920","18,168",1443.6,41,"16,659",105.2,82,"17,414",203.7,2006,New Orleans Pelicans,NOP,Pelicans
12,Suns,41,"730,179","17,809",93.6,41,"17,694",126.4,82,"17,751",107.5,2006,Phoenix Suns,PHO,Suns
13,Clippers,41,"712,409","17,375",--,41,"16,944",110.6,82,"17,160",223.9,2006,Los Angeles Clippers,LAC,Clippers
14,Kings,41,"709,997","17,317",100,41,"17,101",117.9,82,"17,209",108.1,2006,Sacramento Kings,SAC,Kings
15,Wizards,41,"705,062","17,196",--,41,"17,291",110.7,82,"17,244",220.7,2006,Washington Wizards,WAS,Wizards
16,Nuggets,41,"702,645","17,137",--,41,"17,637",115,82,"17,387",226.6,2006,Denver Nuggets,DEN,Nuggets
17,Raptors,41,"699,332","17,056",86.1,41,"16,595",109.9,82,"16,826",96.4,2006,Toronto Raptors,TOR,Raptors
18,Celtics,41,"692,873","16,899",90.7,41,"17,920",117.9,82,"17,409",102.9,2006,Boston Celtics,BOS,Celtics
19,Nets,41,"691,543","16,866",84.4,41,"17,710",120.3,82,"17,288",99.6,2006,Brooklyn Nets,BRK,Nets
20,Bucks,41,"681,337","16,617",88.8,41,"17,119",112.8,82,"16,868",99.5,2006,Milwaukee Bucks,MIL,Bucks
21,76ers,41,"677,278","16,518",80.8,41,"18,627",123.9,82,"17,573",99.1,2006,Philadelphia 76ers,PHI,76ers
22,Hornets,41,"671,011","16,366",--,41,"17,117",109.7,82,"16,741",214.7,2006,New Orleans/Oklahoma City Hornets,NOK,Hornets
23,Thunder,41,"664,157","16,198",94.9,41,"17,195",118.3,82,"16,697",105.7,2006,Oklahoma City Thunder,OKC,Thunder
24,Pacers,41,"663,368","16,179",88.2,41,"17,624",119.4,82,"16,902",102.1,2006,Indiana Pacers,IND,Pacers
25,Timberwolves,41,"662,167","16,150",85,41,"17,421",120.2,82,"16,785",100.2,2006,Minnesota Timberwolves,MIN,Timberwolves
26,Grizzlies,41,"647,533","15,793",85.8,41,"17,211",123.1,82,"16,502",101.9,2006,Memphis Grizzlies,MEM,Grizzlies
27,Magic,41,"638,005","15,561",90.2,41,"17,084",116.2,82,"16,322",102.2,2006,Orlando Magic,ORL,Magic
28,Rockets,41,"636,110","15,514",83.9,41,"17,554",125.5,82,"16,534",101.8,2006,Houston Rockets,HOU,Rockets
29,Hawks,41,"617,942","15,071",--,41,"17,067",109.5,82,"16,069",206.2,2006,Atlanta Hawks,ATL,Hawks
30,Trail Blazers,41,"617,019","15,049",75.3,41,"17,144",118.9,82,"16,097",93.6,2006,Portland Trail Blazers,POR,Trail Blazers
1,Bulls,41,"912,364","22,252",102.5,41,"18,153",113.4,82,"20,202",107.1,2007,Chicago Bulls,CHI,Bulls
2,Pistons,41,"905,116","22,076",100,41,"18,001",109.6,82,"20,038",104.1,2007,Detroit Pistons,DET,Pistons
3,Cavaliers,41,"837,883","20,436",99.4,41,"18,940",117.9,82,"19,688",107.5,2007,Cleveland Cavaliers,CLE,Cavaliers
4,Mavericks,41,"834,411","20,351",--,41,"17,821",106.6,82,"19,086",228.3,2007,Dallas Mavericks,DAL,Mavericks
5,Heat,41,"808,541","19,720",100.6,41,"18,945",118.4,82,"19,332",108.6,2007,Miami Heat,MIA,Heat
6,Jazz,41,"802,214","19,566",98.3,41,"17,501",110.6,82,"18,533",103.7,2007,Utah Jazz,UTA,Jazz
7,Lakers,41,"778,415","18,985",98.5,41,"18,917",123.4,82,"18,951",109.5,2007,Los Angeles Lakers,LAL,Lakers
8,NY Knicks,41,"771,017","18,805",97.5,41,"17,984",111.9,82,"18,394",104,2007,New York Knicks,NYK,NY Knicks
9,Spurs,41,"764,823","18,654",100.8,41,"17,464",110.3,82,"18,059",105.2,2007,San Antonio Spurs,SAS,Spurs
10,Suns,41,"755,302","18,422",96.8,41,"18,541",120.1,82,"18,481",107.2,2007,Phoenix Suns,PHO,Suns
11,Clippers,41,"755,261","18,421",--,41,"17,406",103.5,82,"17,913",213,2007,Los Angeles Clippers,LAC,Clippers
12,Wizards,41,"753,283","18,372",--,41,"17,270",101.5,82,"17,821",209.4,2007,Washington Wizards,WAS,Wizards
13,Raptors,41,"748,603","18,258",92.2,41,"17,347",107.7,82,"17,802",99.2,2007,Toronto Raptors,TOR,Raptors
14,Warriors,41,"742,267","18,104",92.4,41,"17,012",107.4,82,"17,558",99.1,2007,Golden State Warriors,GSW,Warriors
15,Pelicans,41,"731,165","17,833",92.3,41,"16,981",110.6,82,"17,407",100.4,2007,New Orleans Pelicans,NOP,Pelicans
16,Kings,41,"709,997","17,317",100,41,"17,282",112,82,"17,299",105.7,2007,Sacramento Kings,SAC,Kings
17,Nuggets,41,"706,437","17,230",--,41,"18,163",111.1,82,"17,696",216.4,2007,Denver Nuggets,DEN,Nuggets
18,Magic,41,"700,887","17,094",99.1,41,"17,470",108.5,82,"17,282",103.6,2007,Orlando Magic,ORL,Magic
19,Nets,41,"693,955","16,925",84.7,41,"17,870",108,82,"17,398",95.2,2007,Brooklyn Nets,BRK,Nets
20,Celtics,41,"690,576","16,843",90.4,41,"17,570",109.2,82,"17,206",99.1,2007,Boston Celtics,BOS,Celtics
21,Rockets,41,"678,362","16,545",89.4,41,"18,187",118,82,"17,366",102.4,2007,Houston Rockets,HOU,Rockets
22,Trail Blazers,41,"670,778","16,360",81.9,41,"17,558",114.5,82,"16,959",96,2007,Portland Trail Blazers,POR,Trail Blazers
23,Bucks,41,"663,629","16,186",86.5,41,"17,350",107.8,82,"16,768",96.4,2007,Milwaukee Bucks,MIL,Bucks
24,Timberwolves,41,"655,947","15,998",84.2,41,"17,894",112.6,82,"16,946",97.1,2007,Minnesota Timberwolves,MIN,Timberwolves
25,Thunder,41,"654,163","15,955",93.5,41,"17,445",112.5,82,"16,700",102.5,2007,Oklahoma City Thunder,OKC,Thunder
26,Hawks,41,"639,375","15,594",--,41,"17,170",100.7,82,"16,382",192.2,2007,Atlanta Hawks,ATL,Hawks
27,Hornets,41,"637,520","15,549",81.7,41,"17,477",108.5,82,"16,513",94,2007,New Orleans Hornets,NOH,Hornets
28,Pacers,41,"629,750","15,359",83.7,41,"17,802",107.2,82,"16,581",94.9,2007,Indiana Pacers,IND,Pacers
29,76ers,41,"608,603","14,843",72.6,41,"17,849",108.5,82,"16,346",88.6,2007,Philadelphia 76ers,PHI,76ers
30,Grizzlies,41,"600,836","14,654",79.6,41,"17,336",112,82,"15,995",94.4,2007,Memphis Grizzlies,MEM,Grizzlies
1,Pistons,41,"905,116","22,076",100,41,"17,714",111.5,82,"19,895",104.8,2008,Detroit Pistons,DET,Pistons
2,Bulls,41,"901,502","21,987",101.3,41,"17,353",106,82,"19,670",103.3,2008,Chicago Bulls,CHI,Bulls
3,Cavaliers,41,"839,074","20,465",99.5,41,"17,992",112.9,82,"19,228",105.4,2008,Cleveland Cavaliers,CLE,Cavaliers
4,Mavericks,41,"831,738","20,286",--,41,"17,716",105.9,82,"19,001",227.2,2008,Dallas Mavericks,DAL,Mavericks
5,Jazz,41,"816,211","19,907",100,41,"17,215",112.9,82,"18,561",105.6,2008,Utah Jazz,UTA,Jazz
6,Warriors,41,"804,864","19,630",100.2,41,"17,255",112.6,82,"18,443",105.6,2008,Golden State Warriors,GSW,Warriors
7,Trail Blazers,41,"801,566","19,550",97.8,41,"16,700",109.4,82,"18,125",102.9,2008,Portland Trail Blazers,POR,Trail Blazers
8,Heat,41,"798,004","19,463",99.3,41,"17,503",109.8,82,"18,483",104,2008,Miami Heat,MIA,Heat
9,Raptors,41,"796,835","19,435",98.2,41,"16,653",103.6,82,"18,044",100.6,2008,Toronto Raptors,TOR,Raptors
10,NY Knicks,41,"783,739","19,115",99.1,41,"17,429",108.9,82,"18,272",103.5,2008,New York Knicks,NYK,NY Knicks
11,Lakers,41,"778,877","18,997",98.5,41,"18,671",118.5,82,"18,834",107.5,2008,Los Angeles Lakers,LAL,Lakers
12,Celtics,41,"763,584","18,624",100,41,"19,042",115.6,82,"18,833",107.3,2008,Boston Celtics,BOS,Celtics
13,Spurs,41,"761,149","18,564",100.3,41,"17,954",113.9,82,"18,259",106.6,2008,San Antonio Spurs,SAS,Spurs
14,Suns,41,"755,302","18,422",96.8,41,"18,046",114.7,82,"18,234",104.9,2008,Phoenix Suns,PHO,Suns
15,Wizards,41,"736,461","17,962",--,41,"16,774",99.2,82,"17,368",205.4,2008,Washington Wizards,WAS,Wizards
16,Rockets,41,"718,524","17,524",94.7,41,"17,527",114.5,82,"17,526",103.7,2008,Houston Rockets,HOU,Rockets
17,Nuggets,41,"711,962","17,364",--,41,"18,115",111.1,82,"17,740",217.6,2008,Denver Nuggets,DEN,Nuggets
18,Magic,41,"709,346","17,301",100.3,41,"17,540",108.4,82,"17,420",104.2,2008,Orlando Magic,ORL,Magic
19,Clippers,41,"692,408","16,888",--,41,"16,628",102.6,82,"16,758",206.8,2008,Los Angeles Clippers,LAC,Clippers
20,Hawks,41,"667,518","16,280",--,41,"16,853",99.5,82,"16,567",195.7,2008,Atlanta Hawks,ATL,Hawks
21,Nets,41,"641,921","15,656",78.3,41,"17,610",107.3,82,"16,633",91.4,2008,Brooklyn Nets,BRK,Nets
22,Bucks,41,"639,421","15,595",83.3,41,"16,738",103.9,82,"16,167",92.8,2008,Milwaukee Bucks,MIL,Bucks
23,76ers,41,"609,675","14,870",72.7,41,"17,231",107.7,82,"16,050",88.1,2008,Philadelphia 76ers,PHI,76ers
24,Hornets,41,"603,403","14,717",77.4,41,"17,294",107.9,82,"16,005",91.3,2008,New Orleans Hornets,NOH,Hornets
25,Timberwolves,41,"593,537","14,476",76.2,41,"16,801",106.7,82,"15,639",90,2008,Minnesota Timberwolves,MIN,Timberwolves
26,Pelicans,41,"581,432","14,181",82.4,41,"16,905",109.7,82,"15,543",95.3,2008,New Orleans Pelicans,NOP,Pelicans
27,Kings,41,"580,181","14,150",81.7,41,"17,209",111.6,82,"15,680",95.8,2008,Sacramento Kings,SAC,Kings
28,Thunder,41,"547,556","13,355",78.2,41,"17,158",108.2,82,"15,257",92.7,2008,Oklahoma City Thunder,OKC,Thunder
29,Grizzlies,41,"523,578","12,770",69.4,41,"16,985",111,82,"14,877",88.3,2008,Memphis Grizzlies,MEM,Grizzlies
30,Pacers,41,"501,092","12,221",66.6,41,"17,217",103.9,82,"14,719",84.3,2008,Indiana Pacers,IND,Pacers
1,Pistons,41,"896,971","21,877",99.1,41,"18,024",93.6,82,"19,950",96.5,2009,Detroit Pistons,DET,Pistons
2,Bulls,40,"847,903","21,197",97.6,41,"17,558",93.6,81,"19,355",95.7,2009,Chicago Bulls,CHI,Bulls
3,Trail Blazers,41,"841,499","20,524",102.7,40,"17,167",89.8,81,"18,866",96.5,2009,Portland Trail Blazers,POR,Trail Blazers
4,Mavericks,41,"821,723","20,042",104.4,41,"17,102",89.6,82,"18,572",97,2009,Dallas Mavericks,DAL,Mavericks
5,Cavaliers,41,"820,439","20,010",97.3,41,"18,899",97.9,82,"19,455",97.6,2009,Cleveland Cavaliers,CLE,Cavaliers
6,Jazz,41,"816,042","19,903",100,41,"17,038",89.2,82,"18,470",94.7,2009,Utah Jazz,UTA,Jazz
7,NY Knicks,41,"790,801","19,287",97.6,40,"17,729",91.7,81,"18,518",94.7,2009,New York Knicks,NYK,NY Knicks
8,Lakers,41,"778,877","18,997",99.7,40,"19,268",100.8,81,"19,130",100.2,2009,Los Angeles Lakers,LAL,Lakers
9,Warriors,41,"776,660","18,942",96.7,41,"16,942",88.8,82,"17,942",92.8,2009,Golden State Warriors,GSW,Warriors
10,Raptors,41,"769,707","18,773",94.8,41,"16,785",87.1,82,"17,779",91,2009,Toronto Raptors,TOR,Raptors
11,Thunder,40,"747,732","18,693",97.7,41,"16,679",87.2,81,"17,674",92.4,2009,Oklahoma City Thunder,OKC,Thunder
12,Celtics,41,"763,584","18,624",100,41,"18,975",98.2,82,"18,799",99.1,2009,Boston Celtics,BOS,Celtics
13,Suns,41,"755,302","18,422",100,41,"18,122",94.6,82,"18,272",97.3,2009,Phoenix Suns,PHO,Suns
14,Spurs,41,"749,048","18,269",97.2,40,"17,626",92.3,81,"17,951",94.8,2009,San Antonio Spurs,SAS,Spurs
15,Heat,40,"729,178","18,229",93,41,"18,150",93.7,81,"18,189",93.4,2009,Miami Heat,MIA,Heat
16,Rockets,40,"699,280","17,482",96.9,41,"17,589",91.7,81,"17,536",94.2,2009,Houston Rockets,HOU,Rockets
17,Nuggets,41,"706,165","17,223",89.9,41,"17,227",90.2,82,"17,225",90.1,2009,Denver Nuggets,DEN,Nuggets
18,Magic,41,"698,768","17,043",97.6,40,"17,900",92,81,"17,466",94.7,2009,Orlando Magic,ORL,Magic
19,Pelicans,41,"695,727","16,968",98.7,40,"17,702",92.2,81,"17,331",95.3,2009,New Orleans Pelicans,NOP,Pelicans
20,Hawks,41,"686,688","16,748",89.4,41,"17,303",89.6,82,"17,025",89.5,2009,Atlanta Hawks,ATL,Hawks
21,Wizards,41,"681,117","16,612",82.4,41,"17,157",88.7,82,"16,884",85.4,2009,Washington Wizards,WAS,Wizards
22,Clippers,40,"646,830","16,170",84.8,41,"17,202",89.9,81,"16,692",87.4,2009,Los Angeles Clippers,LAC,Clippers
23,76ers,41,"647,898","15,802",79.7,40,"17,358",89.5,81,"16,570",84.5,2009,Philadelphia 76ers,PHI,76ers
24,Bucks,41,"630,976","15,389",82.2,41,"16,947",87.3,82,"16,168",84.8,2009,Milwaukee Bucks,MIL,Bucks
25,Nets,41,"621,062","15,147",75.8,41,"17,586",91,82,"16,367",83.3,2009,Brooklyn Nets,BRK,Nets
26,Hornets,40,"581,049","14,526",76.3,41,"17,310",89.5,81,"15,935",83,2009,New Orleans Hornets,NOH,Hornets
27,Timberwolves,41,"594,743","14,505",74.9,40,"16,845",88.1,81,"15,661",81.4,2009,Minnesota Timberwolves,MIN,Timberwolves
28,Pacers,41,"581,472","14,182",78.1,41,"16,628",85.7,82,"15,405",82,2009,Indiana Pacers,IND,Pacers
29,Grizzlies,40,"509,806","12,745",70.3,41,"17,101",89.3,81,"14,949",80.2,2009,Memphis Grizzlies,MEM,Grizzlies
30,Kings,40,"502,852","12,571",72.6,41,"17,227",89.8,81,"14,928",81.7,2009,Sacramento Kings,SAC,Kings
1,Bulls,41,"849,760","20,725",99.1,41,"17,735",92.2,82,"19,230",95.8,2010,Chicago Bulls,CHI,Bulls
2,Cavaliers,41,"843,042","20,562",100,41,"19,200",100.2,82,"19,881",100.1,2010,Cleveland Cavaliers,CLE,Cavaliers
3,Trail Blazers,41,"840,411","20,497",102.6,41,"16,546",87.2,82,"18,521",95.1,2010,Portland Trail Blazers,POR,Trail Blazers
4,Mavericks,41,"819,770","19,994",104.1,41,"17,129",90.2,82,"18,561",97.2,2010,Dallas Mavericks,DAL,Mavericks
5,NY Knicks,41,"799,550","19,501",98.7,41,"17,315",90,82,"18,408",94.4,2010,New York Knicks,NYK,NY Knicks
6,Jazz,41,"794,512","19,378",97.3,41,"17,095",89.9,82,"18,237",93.7,2010,Utah Jazz,UTA,Jazz
7,Lakers,41,"778,877","18,997",99.7,41,"19,265",101.2,82,"19,131",100.4,2010,Los Angeles Lakers,LAL,Lakers
8,Pistons,41,"768,826","18,751",84.9,41,"17,104",89.4,82,"17,928",87,2010,Detroit Pistons,DET,Pistons
9,Celtics,41,"744,961","18,169",97.6,41,"18,154",93.9,82,"18,161",95.7,2010,Boston Celtics,BOS,Celtics
10,Spurs,41,"741,676","18,089",97.4,41,"17,707",93.2,82,"17,898",95.3,2010,San Antonio Spurs,SAS,Spurs
11,Warriors,41,"739,120","18,027",92,41,"16,443",86.7,82,"17,235",89.4,2010,Golden State Warriors,GSW,Warriors
12,Thunder,41,"738,149","18,003",98.9,41,"16,876",88.3,82,"17,440",93.5,2010,Oklahoma City Thunder,OKC,Thunder
13,Nuggets,41,"737,812","17,995",93.9,41,"17,446",91.9,82,"17,720",92.9,2010,Denver Nuggets,DEN,Nuggets
14,Raptors,41,"733,784","17,897",90.4,41,"16,466",85.9,82,"17,181",88.2,2010,Toronto Raptors,TOR,Raptors
15,Heat,41,"726,935","17,730",90.5,41,"18,040",93.8,82,"17,885",92.1,2010,Miami Heat,MIA,Heat
16,Suns,41,"723,582","17,648",95.8,41,"17,376",91.4,82,"17,512",93.5,2010,Phoenix Suns,PHO,Suns
17,Magic,41,"715,901","17,461",100,41,"17,838",92.2,82,"17,649",95.9,2010,Orlando Magic,ORL,Magic
18,Hawks,41,"678,375","16,545",88.3,41,"17,097",88.5,82,"16,821",88.4,2010,Atlanta Hawks,ATL,Hawks
19,Rockets,41,"677,658","16,528",91.6,41,"16,616",87.3,82,"16,572",89.4,2010,Houston Rockets,HOU,Rockets
20,Clippers,41,"670,063","16,343",85.7,41,"16,225",85.3,82,"16,284",85.5,2010,Los Angeles Clippers,LAC,Clippers
21,Wizards,41,"664,398","16,204",80.3,41,"16,487",86.1,82,"16,346",83.1,2010,Washington Wizards,WAS,Wizards
22,Hornets,41,"648,790","15,824",82.9,41,"16,256",84.7,82,"16,040",83.8,2010,New Orleans Hornets,NOH,Hornets
23,Pelicans,41,"620,366","15,130",88.5,41,"17,168",89.8,82,"16,149",89.2,2010,New Orleans Pelicans,NOP,Pelicans
24,Bucks,41,"619,453","15,108",80.7,41,"16,823",87.2,82,"15,965",84,2010,Milwaukee Bucks,MIL,Bucks
25,Timberwolves,41,"619,170","15,101",78,41,"16,112",84.8,82,"15,607",81.4,2010,Minnesota Timberwolves,MIN,Timberwolves
26,76ers,41,"583,219","14,224",70,41,"16,889",88,82,"15,556",78.7,2010,Philadelphia 76ers,PHI,76ers
27,Pacers,41,"582,295","14,202",78.2,41,"16,955",87.9,82,"15,578",83.2,2010,Indiana Pacers,IND,Pacers
28,Grizzlies,41,"552,914","13,485",74.4,41,"16,691",87.6,82,"15,088",81.2,2010,Memphis Grizzlies,MEM,Grizzlies
29,Kings,41,"543,416","13,254",76.5,41,"16,973",88.9,82,"15,113",83,2010,Sacramento Kings,SAC,Kings
30,Nets,41,"537,230","13,103",69.1,41,"16,446",85.4,82,"14,774",77.3,2010,Brooklyn Nets,BRK,Nets
1,Bulls,41,"893,462","21,791",104.2,41,"18,431",96.1,82,"20,111",100.3,2011,Chicago Bulls,CHI,Bulls
2,Trail Blazers,41,"840,924","20,510",102.7,41,"16,333",86,82,"18,422",94.5,2011,Portland Trail Blazers,POR,Trail Blazers
3,Cavaliers,41,"824,595","20,112",97.8,41,"16,200",84.1,82,"18,156",91.2,2011,Cleveland Cavaliers,CLE,Cavaliers
4,Mavericks,41,"824,162","20,101",104.7,41,"16,657",87.7,82,"18,379",96.2,2011,Dallas Mavericks,DAL,Mavericks
5,Heat,41,"810,930","19,778",100.9,41,"19,447",100.9,82,"19,612",100.9,2011,Miami Heat,MIA,Heat
6,NY Knicks,41,"808,879","19,728",99.8,41,"18,044",93.9,82,"18,886",96.9,2011,New York Knicks,NYK,NY Knicks
7,Jazz,41,"799,982","19,511",98,41,"17,331",91.2,82,"18,421",94.7,2011,Utah Jazz,UTA,Jazz
8,Lakers,41,"778,877","18,997",99.7,41,"19,087",100.2,82,"19,042",99.9,2011,Los Angeles Lakers,LAL,Lakers
9,Magic,41,"777,852","18,972",102.6,41,"17,428",90.5,82,"18,200",96.4,2011,Orlando Magic,ORL,Magic
10,Warriors,41,"766,398","18,692",95.4,41,"17,049",89.6,82,"17,871",92.5,2011,Golden State Warriors,GSW,Warriors
11,Celtics,41,"763,584","18,624",100,41,"18,964",98,82,"18,794",99,2011,Boston Celtics,BOS,Celtics
12,Spurs,41,"750,879","18,314",98.6,41,"17,389",91.1,82,"17,851",94.8,2011,San Antonio Spurs,SAS,Spurs
13,Thunder,41,"744,068","18,148",99.7,41,"17,774",93.4,82,"17,961",96.5,2011,Oklahoma City Thunder,OKC,Thunder
14,Clippers,41,"727,462","17,742",93.1,41,"17,614",92.7,82,"17,678",92.9,2011,Los Angeles Clippers,LAC,Clippers
15,Suns,41,"720,249","17,567",95.4,41,"17,462",91.6,82,"17,514",93.5,2011,Phoenix Suns,PHO,Suns
16,Nuggets,41,"692,968","16,901",88.2,41,"17,285",90.8,82,"17,093",89.5,2011,Denver Nuggets,DEN,Nuggets
17,Wizards,41,"688,466","16,791",83.2,41,"17,192",89.2,82,"16,992",86.1,2011,Washington Wizards,WAS,Wizards
18,Pistons,41,"683,080","16,660",75.5,41,"16,732",87.5,82,"16,696",81.1,2011,Detroit Pistons,DET,Pistons
19,Raptors,41,"679,208","16,566",83.7,41,"16,855",91.9,82,"16,710",87.6,2011,Toronto Raptors,TOR,Raptors
20,Rockets,41,"663,839","16,191",89.7,41,"16,943",88.9,82,"16,567",89.3,2011,Houston Rockets,HOU,Rockets
21,Hornets,41,"649,694","15,846",83.1,41,"16,473",85.5,82,"16,159",84.3,2011,New Orleans Hornets,NOH,Hornets
22,Hawks,41,"641,596","15,648",83.6,41,"16,957",87.9,82,"16,303",85.7,2011,Atlanta Hawks,ATL,Hawks
23,Bucks,41,"631,910","15,412",82.3,41,"16,911",87.4,82,"16,162",84.9,2011,Milwaukee Bucks,MIL,Bucks
24,Timberwolves,41,"624,960","15,242",78.8,41,"16,885",88.5,82,"16,064",83.6,2011,Minnesota Timberwolves,MIN,Timberwolves
25,76ers,41,"604,823","14,751",72.6,41,"17,155",89.5,82,"15,953",80.8,2011,Philadelphia 76ers,PHI,76ers
26,Pelicans,41,"603,088","14,709",86.1,41,"17,179",89.9,82,"15,944",88.1,2011,New Orleans Pelicans,NOP,Pelicans
27,Grizzlies,41,"600,687","14,650",80.9,41,"16,441",86.4,82,"15,546",83.7,2011,Memphis Grizzlies,MEM,Grizzlies
28,Nets,41,"581,378","14,179",80.6,41,"17,098",88.4,82,"15,639",84.7,2011,Brooklyn Nets,BRK,Nets
29,Kings,41,"569,496","13,890",80.2,41,"17,400",91.2,82,"15,645",86,2011,Sacramento Kings,SAC,Kings
30,Pacers,41,"555,077","13,538",74.5,41,"16,844",87,82,"15,191",81,2011,Indiana Pacers,IND,Pacers
1,Bulls,33,"731,326","22,161",105.9,33,"17,989",93.5,66,"20,075",100,2012,Chicago Bulls,CHI,Bulls
2,Trail Blazers,33,"676,384","20,496",102.6,33,"17,164",90.7,66,"18,830",96.8,2012,Portland Trail Blazers,POR,Trail Blazers
3,Mavericks,33,"671,050","20,334",105.9,33,"17,712",93,66,"19,023",99.5,2012,Dallas Mavericks,DAL,Mavericks
4,Heat,33,"657,855","19,935",101.7,33,"19,399",99.7,66,"19,667",100.7,2012,Miami Heat,MIA,Heat
5,NY Knicks,33,"652,179","19,763",100,33,"18,407",95.6,66,"19,085",97.8,2012,New York Knicks,NYK,NY Knicks
6,Jazz,33,"637,124","19,306",97,33,"16,929",89.8,66,"18,118",93.5,2012,Utah Jazz,UTA,Jazz
7,Clippers,33,"634,237","19,219",100.8,33,"18,342",96.8,66,"18,781",98.8,2012,Los Angeles Clippers,LAC,Clippers
8,Lakers,33,"626,901","18,997",99.7,33,"19,034",100.1,66,"19,015",99.9,2012,Los Angeles Lakers,LAL,Lakers
9,Magic,33,"623,587","18,896",102.1,33,"17,161",88.6,66,"18,028",95.2,2012,Orlando Magic,ORL,Magic
10,Warriors,33,"622,311","18,857",96.2,33,"16,364",86.1,66,"17,611",91.2,2012,Golden State Warriors,GSW,Warriors
11,Celtics,33,"614,592","18,624",100,33,"18,288",94.3,66,"18,456",97.1,2012,Boston Celtics,BOS,Celtics
12,Spurs,33,"607,095","18,396",99,33,"16,990",89.8,66,"17,693",94.4,2012,San Antonio Spurs,SAS,Spurs
13,Thunder,33,"600,699","18,203",100,33,"18,031",95.4,66,"18,117",97.6,2012,Oklahoma City Thunder,OKC,Thunder
14,76ers,33,"577,597","17,502",86.1,33,"16,764",86.8,66,"17,133",86.5,2012,Philadelphia 76ers,PHI,76ers
15,Timberwolves,33,"577,197","17,490",90.4,33,"16,310",86.6,66,"16,900",88.5,2012,Minnesota Timberwolves,MIN,Timberwolves
16,Nuggets,33,"561,966","17,029",88.9,33,"17,228",91.1,66,"17,128",90,2012,Denver Nuggets,DEN,Nuggets
17,Raptors,33,"555,584","16,835",85,33,"16,732",86.3,66,"16,784",85.6,2012,Toronto Raptors,TOR,Raptors
18,Wizards,33,"552,038","16,728",82.9,33,"16,361",84.8,66,"16,544",83.8,2012,Washington Wizards,WAS,Wizards
19,Cavaliers,33,"525,577","15,926",77.5,33,"16,723",86.5,66,"16,324",81.9,2012,Cleveland Cavaliers,CLE,Cavaliers
20,Grizzlies,33,"518,256","15,704",86.7,33,"17,068",89.9,66,"16,386",88.3,2012,Memphis Grizzlies,MEM,Grizzlies
21,Suns,33,"514,718","15,597",84.7,33,"17,806",94.5,66,"16,702",89.6,2012,Phoenix Suns,PHO,Suns
22,Rockets,33,"506,994","15,363",85.1,33,"17,733",93.2,66,"16,548",89.3,2012,Houston Rockets,HOU,Rockets
23,Hawks,33,"501,593","15,199",81.2,33,"16,820",87.1,66,"16,010",84.2,2012,Atlanta Hawks,ATL,Hawks
24,Pelicans,33,"498,618","15,109",88.4,33,"16,717",87.9,66,"15,913",88.1,2012,New Orleans Pelicans,NOP,Pelicans
25,Hornets,33,"486,984","14,757",77.4,33,"16,534",85.5,66,"15,645",81.5,2012,New Orleans Hornets,NOH,Hornets
26,Bucks,33,"485,717","14,718",78.6,33,"16,661",85.4,66,"15,689",82.1,2012,Milwaukee Bucks,MIL,Bucks
27,Kings,33,"478,764","14,508",83.8,33,"16,905",87.9,66,"15,706",85.9,2012,Sacramento Kings,SAC,Kings
28,Pistons,33,"475,638","14,413",65.3,33,"16,342",85.3,66,"15,378",74.6,2012,Detroit Pistons,DET,Pistons
29,Pacers,33,"467,561","14,168",78,33,"16,597",85.9,66,"15,382",82.1,2012,Indiana Pacers,IND,Pacers
30,Nets,33,"460,719","13,961",75.5,33,"17,081",87.9,66,"15,521",81.8,2012,Brooklyn Nets,BRK,Nets
1,Bulls,41,"896,944","21,876",104.6,41,"18,144",94.4,82,"20,010",99.7,2013,Chicago Bulls,CHI,Bulls
2,Mavericks,41,"821,490","20,036",104.4,41,"17,613",92.5,82,"18,824",98.5,2013,Dallas Mavericks,DAL,Mavericks
3,Heat,41,"819,290","19,982",102,41,"19,090",99.1,82,"19,536",100.5,2013,Miami Heat,MIA,Heat
4,Trail Blazers,41,"813,012","19,829",95.4,41,"16,727",88,82,"18,278",91.9,2013,Portland Trail Blazers,POR,Trail Blazers
5,Warriors,41,"794,320","19,373",98.9,41,"17,204",90.5,82,"18,288",94.7,2013,Golden State Warriors,GSW,Warriors
6,Clippers,41,"788,293","19,226",100.9,41,"17,806",93.4,82,"18,516",97.1,2013,Los Angeles Clippers,LAC,Clippers
7,NY Knicks,41,"780,353","19,033",96.3,41,"18,271",94.6,82,"18,652",95.4,2013,New York Knicks,NYK,NY Knicks
8,Lakers,41,"778,877","18,997",99.7,41,"18,866",99,82,"18,931",99.4,2013,Los Angeles Lakers,LAL,Lakers
9,Jazz,41,"765,915","18,680",93.8,41,"16,769",88.3,82,"17,724",91.1,2013,Utah Jazz,UTA,Jazz
10,Celtics,40,"744,960","18,624",100,41,"17,768",91.8,81,"18,191",95.8,2013,Boston Celtics,BOS,Celtics
11,Spurs,41,"755,700","18,431",99.2,41,"17,290",90.6,82,"17,861",94.9,2013,San Antonio Spurs,SAS,Spurs
12,Thunder,41,"746,323","18,203",100,41,"18,335",95.7,82,"18,269",97.8,2013,Oklahoma City Thunder,OKC,Thunder
13,Raptors,41,"743,936","18,144",91.6,41,"16,313",84.8,82,"17,229",88.3,2013,Toronto Raptors,TOR,Raptors
14,Nuggets,41,"730,616","17,819",93,41,"17,401",91.1,82,"17,610",92.1,2013,Denver Nuggets,DEN,Nuggets
15,Magic,41,"721,414","17,595",93.4,41,"16,821",86.8,82,"17,208",90,2013,Orlando Magic,ORL,Magic
16,Nets,41,"704,702","17,187",94.9,41,"17,239",89.1,82,"17,213",91.9,2013,Brooklyn Nets,BRK,Nets
17,76ers,41,"685,412","16,717",82.2,41,"17,323",90.2,82,"17,020",86.1,2013,Philadelphia 76ers,PHI,76ers
18,Rockets,41,"683,564","16,672",92.4,41,"17,982",94,82,"17,327",93.2,2013,Houston Rockets,HOU,Rockets
19,Grizzlies,41,"681,613","16,624",91.8,41,"17,194",90,82,"16,909",90.9,2013,Memphis Grizzlies,MEM,Grizzlies
20,Wizards,41,"670,070","16,343",80.6,41,"16,193",84.1,82,"16,268",82.3,2013,Washington Wizards,WAS,Wizards
21,Timberwolves,41,"669,956","16,340",84.4,41,"17,034",89.3,82,"16,687",86.9,2013,Minnesota Timberwolves,MIN,Timberwolves
22,Cavaliers,41,"663,882","16,192",78.7,41,"16,780",87.3,82,"16,486",82.9,2013,Cleveland Cavaliers,CLE,Cavaliers
23,Suns,41,"632,913","15,436",83.8,41,"17,152",89.7,82,"16,294",86.8,2013,Phoenix Suns,PHO,Suns
24,Hornets,41,"628,293","15,324",80.3,41,"16,502",85.6,82,"15,913",83,2013,New Orleans Hornets,NOH,Hornets
25,Pacers,41,"626,069","15,269",84.1,40,"17,061",87.9,81,"16,154",86,2013,Indiana Pacers,IND,Pacers
26,Hawks,41,"620,146","15,125",80.8,41,"17,165",89,82,"16,145",84.9,2013,Atlanta Hawks,ATL,Hawks
27,Bucks,41,"616,469","15,035",80.3,41,"16,919",87.5,82,"15,977",84,2013,Milwaukee Bucks,MIL,Bucks
28,Pistons,41,"606,094","14,782",67,41,"16,885",87.9,82,"15,834",76.7,2013,Detroit Pistons,DET,Pistons
29,Pelicans,41,"565,930","13,803",80.3,41,"17,254",90.1,82,"15,528",85.5,2013,New Orleans Pelicans,NOP,Pelicans
30,Kings,41,"563,743","13,749",79.4,41,"17,305",90.3,82,"15,527",85.1,2013,Sacramento Kings,SAC,Kings
1,Bulls,41,"890,370","21,716",103.8,41,"17,551",91.1,82,"19,634",97.7,2014,Chicago Bulls,CHI,Bulls
2,Mavericks,41,"817,982","19,950",103.9,41,"17,268",90.8,82,"18,609",97.4,2014,Dallas Mavericks,DAL,Mavericks
3,NY Knicks,41,"812,292","19,812",100,41,"17,422",90.3,82,"18,617",95.2,2014,New York Knicks,NYK,NY Knicks
4,Heat,41,"811,036","19,781",100.9,41,"19,190",99.3,82,"19,486",100.1,2014,Miami Heat,MIA,Heat
5,Trail Blazers,41,"809,612","19,746",95,41,"17,312",91.1,82,"18,529",93.1,2014,Portland Trail Blazers,POR,Trail Blazers
6,Warriors,41,"803,436","19,596",100,41,"17,526",92,82,"18,561",96.1,2014,Golden State Warriors,GSW,Warriors
7,Clippers,41,"787,692","19,212",100.8,41,"17,218",90.4,82,"18,215",95.6,2014,Los Angeles Clippers,LAC,Clippers
8,Lakers,41,"771,974","18,828",98.8,41,"17,845",93.6,82,"18,337",96.2,2014,Los Angeles Lakers,LAL,Lakers
9,Spurs,41,"755,031","18,415",99.1,41,"17,627",92.2,82,"18,021",95.6,2014,San Antonio Spurs,SAS,Spurs
10,Raptors,41,"748,339","18,252",92.2,41,"16,702",86.8,82,"17,477",89.5,2014,Toronto Raptors,TOR,Raptors
11,Thunder,41,"746,323","18,203",100,41,"18,170",95.2,82,"18,186",97.5,2014,Oklahoma City Thunder,OKC,Thunder
12,Jazz,41,"745,203","18,175",91.3,41,"17,295",90.6,82,"17,735",91,2014,Utah Jazz,UTA,Jazz
13,Rockets,41,"743,082","18,123",100.4,41,"17,427",91.1,82,"17,775",95.7,2014,Houston Rockets,HOU,Rockets
14,Celtics,41,"742,400","18,107",97.2,41,"17,484",90.5,82,"17,796",93.8,2014,Boston Celtics,BOS,Celtics
15,Pacers,41,"717,542","17,501",96.3,41,"17,872",92.5,82,"17,686",94.4,2014,Indiana Pacers,IND,Pacers
16,Cavaliers,41,"710,522","17,329",84.3,41,"17,388",90.4,82,"17,358",87.2,2014,Cleveland Cavaliers,CLE,Cavaliers
17,Nets,41,"707,331","17,251",95.3,41,"17,528",90.6,82,"17,390",92.9,2014,Brooklyn Nets,BRK,Nets
18,Wizards,41,"698,068","17,026",84,41,"17,183",89.2,82,"17,104",86.5,2014,Washington Wizards,WAS,Wizards
19,Nuggets,41,"692,898","16,899",88.2,41,"17,211",90.3,82,"17,055",89.2,2014,Denver Nuggets,DEN,Nuggets
20,Grizzlies,41,"685,458","16,718",92.3,41,"17,269",90.5,82,"16,993",91.4,2014,Memphis Grizzlies,MEM,Grizzlies
21,Pelicans,41,"672,029","16,390",95.4,41,"17,397",90.8,82,"16,894",93,2014,New Orleans Pelicans,NOP,Pelicans
22,Kings,41,"667,949","16,291",94.1,41,"16,859",88,82,"16,575",90.9,2014,Sacramento Kings,SAC,Kings
23,Magic,41,"666,046","16,245",86.2,41,"16,583",86.1,82,"16,414",86.1,2014,Orlando Magic,ORL,Magic
24,Suns,41,"650,739","15,871",86.2,41,"17,250",90.3,82,"16,560",88.3,2014,Phoenix Suns,PHO,Suns
25,Hornets,41,"636,268","15,518",81.3,41,"17,026",88,82,"16,272",84.7,2014,Charlotte Hornets,CHO,Hornets
26,Pistons,41,"615,238","15,005",68,41,"17,280",90.1,82,"16,143",78.3,2014,Detroit Pistons,DET,Pistons
27,Timberwolves,41,"597,157","14,564",75.2,41,"17,605",92.1,82,"16,085",83.6,2014,Minnesota Timberwolves,MIN,Timberwolves
28,Hawks,41,"587,927","14,339",76.6,41,"17,274",89.5,82,"15,807",83.2,2014,Atlanta Hawks,ATL,Hawks
29,76ers,41,"568,632","13,869",68.2,41,"17,441",90.5,82,"15,655",79.1,2014,Philadelphia 76ers,PHI,76ers
30,Bucks,41,"552,967","13,487",72.1,41,"17,013",87.7,82,"15,250",80,2014,Milwaukee Bucks,MIL,Bucks
1,Bulls,41,"875,091","21,343",102,41,"18,404",95.7,82,"19,874",99,2015,Chicago Bulls,CHI,Bulls
2,Cavaliers,41,"843,042","20,562",100,41,"18,915",98.3,82,"19,738",99.2,2015,Cleveland Cavaliers,CLE,Cavaliers
3,Mavericks,41,"827,702","20,187",105.1,41,"17,653",92.7,82,"18,920",98.9,2015,Dallas Mavericks,DAL,Mavericks
4,NY Knicks,41,"812,292","19,812",100,41,"17,462",90.7,82,"18,637",95.4,2015,New York Knicks,NYK,NY Knicks
5,Raptors,41,"809,824","19,751",99.8,41,"17,522",90.9,82,"18,637",95.4,2015,Toronto Raptors,TOR,Raptors
6,Heat,41,"808,223","19,712",100.6,41,"17,703",92,82,"18,708",96.3,2015,Miami Heat,MIA,Heat
7,Warriors,41,"803,436","19,596",100,41,"18,312",96.2,82,"18,954",98.1,2015,Golden State Warriors,GSW,Warriors
8,Trail Blazers,41,"801,733","19,554",94,41,"17,657",92.9,82,"18,605",93.5,2015,Portland Trail Blazers,POR,Trail Blazers
9,Clippers,41,"785,892","19,168",100.6,41,"18,079",94.7,82,"18,623",97.6,2015,Los Angeles Clippers,LAC,Clippers
10,Jazz,41,"772,059","18,830",94.6,41,"17,135",90,82,"17,982",92.4,2015,Utah Jazz,UTA,Jazz
11,Lakers,41,"768,244","18,737",98.3,41,"17,875",93.6,82,"18,306",95.9,2015,Los Angeles Lakers,LAL,Lakers
12,Spurs,41,"762,855","18,606",100.1,41,"17,972",94.1,82,"18,289",97.1,2015,San Antonio Spurs,SAS,Spurs
13,Wizards,41,"747,796","18,238",89.9,41,"18,253",95,82,"18,246",92.4,2015,Washington Wizards,WAS,Wizards
14,Rockets,41,"747,412","18,229",101,41,"17,969",94,82,"18,099",97.4,2015,Houston Rockets,HOU,Rockets
15,Thunder,41,"746,323","18,203",100,41,"17,956",93.9,82,"18,079",96.9,2015,Oklahoma City Thunder,OKC,Thunder
16,Celtics,41,"721,350","17,593",94.5,41,"17,741",91.9,82,"17,667",93.2,2015,Boston Celtics,BOS,Celtics
17,Hawks,41,"713,909","17,412",93,41,"17,582",90.8,82,"17,497",91.9,2015,Atlanta Hawks,ATL,Hawks
18,Grizzlies,41,"710,502","17,329",95.6,41,"18,017",94.4,82,"17,673",95,2015,Memphis Grizzlies,MEM,Grizzlies
19,Hornets,41,"704,886","17,192",90.1,41,"17,654",91.1,82,"17,423",90.6,2015,Charlotte Hornets,CHO,Hornets
20,Nets,41,"698,529","17,037",94.1,41,"18,039",92.9,82,"17,538",93.5,2015,Brooklyn Nets,BRK,Nets
21,Suns,41,"693,862","16,923",91.9,41,"17,586",92.1,82,"17,254",92,2015,Phoenix Suns,PHO,Suns
22,Pacers,41,"691,434","16,864",92.8,41,"17,892",92.4,82,"17,378",92.6,2015,Indiana Pacers,IND,Pacers
23,Magic,41,"688,194","16,785",89.1,41,"17,585",91.2,82,"17,185",90.1,2015,Orlando Magic,ORL,Magic
24,Pelicans,41,"683,757","16,677",97,41,"17,640",92.1,82,"17,158",94.5,2015,New Orleans Pelicans,NOP,Pelicans
25,Kings,41,"680,049","16,586",95.8,41,"17,515",91.7,82,"17,050",93.6,2015,Sacramento Kings,SAC,Kings
26,Pistons,41,"625,917","15,266",69.2,41,"17,866",93,82,"16,566",80.3,2015,Detroit Pistons,DET,Pistons
27,Bucks,41,"611,226","14,907",79.6,41,"17,180",88.8,82,"16,044",84.3,2015,Milwaukee Bucks,MIL,Bucks
28,Nuggets,41,"602,707","14,700",76.7,41,"17,437",91.5,82,"16,068",84.1,2015,Denver Nuggets,DEN,Nuggets
29,Timberwolves,41,"595,652","14,528",75.1,41,"18,000",94.2,82,"16,264",84.6,2015,Minnesota Timberwolves,MIN,Timberwolves
30,76ers,41,"571,572","13,940",68.6,41,"17,665",91.8,82,"15,802",79.9,2015,Philadelphia 76ers,PHI,76ers
1,Bulls,41,"894,659","21,820",104.3,41,"18,156",94.5,82,"19,988",99.6,2016,Chicago Bulls,CHI,Bulls
2,Cavaliers,41,"843,042","20,562",100,41,"18,910",98.2,82,"19,736",99.1,2016,Cleveland Cavaliers,CLE,Cavaliers
3,Mavericks,41,"825,901","20,143",104.9,41,"17,727",93.4,82,"18,935",99.2,2016,Dallas Mavericks,DAL,Mavericks
4,Raptors,41,"812,863","19,825",100.1,41,"17,162",89.2,82,"18,494",94.8,2016,Toronto Raptors,TOR,Raptors
5,NY Knicks,41,"812,292","19,812",100,41,"18,440",96,82,"19,126",98,2016,New York Knicks,NYK,NY Knicks
6,Heat,41,"809,350","19,740",100.7,41,"18,044",93.9,82,"18,892",97.3,2016,Miami Heat,MIA,Heat
7,Warriors,41,"803,436","19,596",100,41,"19,134",100.5,82,"19,365",100.3,2016,Golden State Warriors,GSW,Warriors
8,Trail Blazers,41,"794,085","19,367",99.6,41,"17,703",93.3,82,"18,535",96.5,2016,Portland Trail Blazers,POR,Trail Blazers
9,Jazz,41,"791,489","19,304",97,41,"17,378",91.6,82,"18,341",94.3,2016,Utah Jazz,UTA,Jazz
10,Clippers,41,"786,910","19,192",100.7,41,"17,792",93.6,82,"18,492",97.1,2016,Los Angeles Clippers,LAC,Clippers
11,Lakers,41,"778,877","18,997",99.7,41,"19,149",100.9,82,"19,073",100.3,2016,Los Angeles Lakers,LAL,Lakers
12,Spurs,41,"756,445","18,449",99.3,41,"17,938",94.4,82,"18,194",96.8,2016,San Antonio Spurs,SAS,Spurs
13,Celtics,41,"749,076","18,270",98.1,41,"17,439",90.5,82,"17,854",94.2,2016,Boston Celtics,BOS,Celtics
14,Thunder,41,"746,323","18,203",100,41,"18,258",95.6,82,"18,230",97.8,2016,Oklahoma City Thunder,OKC,Thunder
15,Rockets,41,"737,244","17,981",99.7,41,"17,740",93.3,82,"17,861",96.4,2016,Houston Rockets,HOU,Rockets
16,Wizards,41,"725,426","17,693",87.3,41,"17,787",92.4,82,"17,740",89.8,2016,Washington Wizards,WAS,Wizards
17,Magic,41,"719,275","17,543",93.1,41,"17,175",89.2,82,"17,359",91.1,2016,Orlando Magic,ORL,Magic
18,Hornets,41,"716,894","17,485",91.7,41,"17,784",92.4,82,"17,634",92,2016,Charlotte Hornets,CHO,Hornets
19,Kings,41,"707,526","17,256",99.7,41,"17,355",91,82,"17,306",95.1,2016,Sacramento Kings,SAC,Kings
20,Suns,41,"701,405","17,107",92.9,41,"16,881",88.7,82,"16,994",90.7,2016,Phoenix Suns,PHO,Suns
21,Pacers,41,"690,733","16,847",92.7,41,"17,851",92.3,82,"17,349",92.5,2016,Indiana Pacers,IND,Pacers
22,Hawks,41,"690,150","16,832",89.9,41,"17,611",91,82,"17,222",90.4,2016,Atlanta Hawks,ATL,Hawks
23,Pelicans,41,"688,549","16,793",97.7,41,"17,851",93.6,82,"17,322",95.5,2016,New Orleans Pelicans,NOP,Pelicans
24,Grizzlies,41,"684,603","16,697",92.2,41,"17,589",92.1,82,"17,143",92.1,2016,Memphis Grizzlies,MEM,Grizzlies
25,Pistons,41,"677,138","16,515",74.8,41,"17,814",93,82,"17,164",83.3,2016,Detroit Pistons,DET,Pistons
26,Bucks,41,"621,808","15,166",81,41,"17,623",91.4,82,"16,394",86.3,2016,Milwaukee Bucks,MIL,Bucks
27,Nets,41,"620,142","15,125",83.6,41,"18,106",93.6,82,"16,615",88.8,2016,Brooklyn Nets,BRK,Nets
28,76ers,41,"610,121","14,881",73.2,41,"17,491",90.7,82,"16,186",81.7,2016,Philadelphia 76ers,PHI,76ers
29,Timberwolves,41,"581,178","14,175",73.2,41,"17,831",94,82,"16,003",83.5,2016,Minnesota Timberwolves,MIN,Timberwolves
30,Nuggets,41,"577,898","14,095",73.6,41,"17,751",93.2,82,"15,923",83.3,2016,Denver Nuggets,DEN,Nuggets
1,Bulls,41,"888,882","21,680",103.6,41,"18,033",94,82,"19,856",99,2017,Chicago Bulls,CHI,Bulls
2,Cavaliers,41,"843,042","20,562",100,41,"19,021",98.7,82,"19,791",99.4,2017,Cleveland Cavaliers,CLE,Cavaliers
3,Raptors,41,"813,050","19,830",100.2,41,"17,925",92.8,82,"18,878",96.5,2017,Toronto Raptors,TOR,Raptors
4,Mavericks,41,"811,366","19,789",103.1,41,"17,519",91.9,82,"18,654",97.5,2017,Dallas Mavericks,DAL,Mavericks
5,NY Knicks,41,"810,741","19,774",99.8,41,"17,927",94.6,82,"18,850",97.3,2017,New York Knicks,NYK,NY Knicks
6,Jazz,41,"806,605","19,673",98.8,41,"17,212",90.5,82,"18,442",94.7,2017,Utah Jazz,UTA,Jazz
7,Heat,41,"805,400","19,643",100.2,41,"17,818",92.4,82,"18,731",96.3,2017,Miami Heat,MIA,Heat
8,Warriors,41,"803,436","19,596",100,41,"19,015",100.3,82,"19,305",100.2,2017,Golden State Warriors,GSW,Warriors
9,Trail Blazers,41,"792,029","19,317",99.4,41,"17,555",92.2,82,"18,436",95.8,2017,Portland Trail Blazers,POR,Trail Blazers
10,Clippers,41,"782,609","19,088",100.1,41,"17,889",94.1,82,"18,488",97.1,2017,Los Angeles Clippers,LAC,Clippers
11,Lakers,41,"776,917","18,949",99.4,41,"18,191",95.6,82,"18,570",97.5,2017,Los Angeles Lakers,LAL,Lakers
12,Celtics,41,"760,690","18,553",99.6,41,"18,313",94.6,82,"18,433",97.1,2017,Boston Celtics,BOS,Celtics
13,Spurs,41,"755,347","18,423",99.2,41,"18,131",95.4,82,"18,277",97.2,2017,San Antonio Spurs,SAS,Spurs
14,Thunder,41,"746,323","18,203",100,41,"18,373",96.4,82,"18,288",98.2,2017,Oklahoma City Thunder,OKC,Thunder
15,Magic,41,"727,875","17,753",94.2,41,"17,333",89.6,82,"17,543",91.8,2017,Orlando Magic,ORL,Magic
16,Kings,41,"721,928","17,608",100.6,41,"17,489",91.4,82,"17,548",95.8,2017,Sacramento Kings,SAC,Kings
17,Hornets,41,"710,643","17,332",90.9,41,"17,563",91.3,82,"17,448",91.1,2017,Charlotte Hornets,CHO,Hornets
18,76ers,41,"710,557","17,330",85.3,41,"17,209",89.7,82,"17,269",87.4,2017,Philadelphia 76ers,PHI,76ers
19,Suns,41,"708,639","17,283",93.8,41,"17,618",92.5,82,"17,451",93.2,2017,Phoenix Suns,PHO,Suns
20,Wizards,41,"697,107","17,002",83.8,41,"17,949",93.5,82,"17,476",88.5,2017,Washington Wizards,WAS,Wizards
21,Rockets,41,"695,903","16,973",94.1,41,"18,140",95.3,82,"17,556",94.7,2017,Houston Rockets,HOU,Rockets
22,Pacers,41,"684,578","16,697",91.9,41,"17,848",92.1,82,"17,272",92,2017,Indiana Pacers,IND,Pacers
23,Grizzlies,41,"677,314","16,519",91.2,41,"17,655",92.7,82,"17,087",91.9,2017,Memphis Grizzlies,MEM,Grizzlies
24,Pelicans,41,"663,099","16,173",94.1,41,"18,062",94.6,82,"17,118",94.4,2017,New Orleans Pelicans,NOP,Pelicans
25,Pistons,41,"655,141","15,979",72.4,41,"17,699",92.6,82,"16,839",81.8,2017,Detroit Pistons,DET,Pistons
26,Hawks,41,"654,306","15,958",85.2,41,"17,816",93.7,82,"16,887",89.5,2017,Atlanta Hawks,ATL,Hawks
27,Bucks,41,"648,952","15,828",84.6,41,"17,928",92.8,82,"16,878",88.8,2017,Milwaukee Bucks,MIL,Bucks
28,Nets,41,"632,608","15,429",85.2,41,"17,755",92.1,82,"16,592",88.8,2017,Brooklyn Nets,BRK,Nets
29,Timberwolves,41,"607,203","14,809",76.5,41,"18,113",95.4,82,"16,461",85.9,2017,Minnesota Timberwolves,MIN,Timberwolves
30,Nuggets,41,"605,585","14,770",77.1,41,"17,420",91.7,82,"16,095",84.4,2017,Denver Nuggets,DEN,Nuggets
1,Bulls,41,"851,824","20,776",99.3,41,"18,030",94.4,82,"19,403",97,2018,Chicago Bulls,CHI,Bulls
2,Cavaliers,41,"843,042","20,562",100,41,"19,071",99.5,82,"19,825",99.8,2018,Cleveland Cavaliers,CLE,Cavaliers
3,76ers,41,"833,503","20,329",100,41,"18,012",93.6,82,"19,185",96.9,2018,Philadelphia 76ers,PHI,76ers
4,Raptors,41,"813,431","19,839",100.2,41,"17,673",92,82,"18,756",96.2,2018,Toronto Raptors,TOR,Raptors
5,Mavericks,41,"811,453","19,791",103.1,41,"17,374",91.5,82,"18,597",97.4,2018,Dallas Mavericks,DAL,Mavericks
6,Heat,41,"785,250","19,631",100.2,41,"18,177",94.5,82,"18,895",97.3,2018,Miami Heat,MIA,Heat
7,Warriors,41,"803,436","19,596",100,41,"18,884",99.6,82,"19,240",99.8,2018,Golden State Warriors,GSW,Warriors
8,Trail Blazers,41,"795,328","19,398",99.8,41,"17,556",92.7,82,"18,477",96.3,2018,Portland Trail Blazers,POR,Trail Blazers
9,NY Knicks,41,"792,608","19,331",97.6,41,"18,179",94.8,82,"18,762",96.2,2018,New York Knicks,NYK,NY Knicks
10,Lakers,41,"776,327","18,934",99.3,41,"18,655",98.6,82,"18,796",99,2018,Los Angeles Lakers,LAL,Lakers
11,Celtics,41,"744,960","18,624",100,41,"18,588",96.5,82,"18,606",98.2,2018,Boston Celtics,BOS,Celtics
12,Spurs,41,"754,562","18,403",99,41,"18,427",97.1,82,"18,415",98.1,2018,San Antonio Spurs,SAS,Spurs
13,Thunder,41,"746,323","18,203",100,41,"18,866",99.2,82,"18,534",99.6,2018,Oklahoma City Thunder,OKC,Thunder
14,Wizards,41,"718,946","17,973",88.6,41,"17,682",92.1,82,"17,826",90.3,2018,Washington Wizards,WAS,Wizards
15,Jazz,41,"734,806","17,922",90,41,"17,495",92.5,82,"17,708",91.2,2018,Utah Jazz,UTA,Jazz
16,Rockets,41,"716,008","17,900",99.2,41,"18,369",96.7,82,"18,137",97.9,2018,Houston Rockets,HOU,Rockets
17,Magic,41,"715,728","17,893",94.9,41,"17,651",91.9,82,"17,770",93.4,2018,Orlando Magic,ORL,Magic
18,Kings,41,"649,571","17,555",100.3,41,"17,478",91.8,82,"17,515",95.7,2018,Sacramento Kings,SAC,Kings
19,Pistons,41,"713,945","17,413",82.9,41,"17,959",93.7,82,"17,686",88.1,2018,Detroit Pistons,DET,Pistons
20,Nuggets,41,"702,796","17,141",89.5,41,"17,871",94,82,"17,506",91.7,2018,Denver Nuggets,DEN,Nuggets
21,Timberwolves,41,"699,308","17,056",89.9,41,"17,850",93.8,82,"17,453",91.9,2018,Minnesota Timberwolves,MIN,Timberwolves
22,Clippers,41,"697,812","17,019",89.3,41,"17,735",93.7,82,"17,373",91.4,2018,Los Angeles Clippers,LAC,Clippers
23,Suns,41,"674,655","16,866",91.6,41,"17,610",92.4,82,"17,243",92,2018,Phoenix Suns,PHO,Suns
24,Bucks,41,"685,303","16,714",89.3,41,"18,380",95.2,82,"17,547",92.3,2018,Milwaukee Bucks,MIL,Bucks
25,Pelicans,41,"673,920","16,437",95.6,41,"17,911",93.9,82,"17,174",94.7,2018,New Orleans Pelicans,NOP,Pelicans
26,Hornets,41,"671,404","16,375",85.8,41,"17,623",91.6,82,"16,999",88.7,2018,Charlotte Hornets,CHO,Hornets
27,Pacers,41,"658,119","16,051",88.4,41,"17,749",91.8,82,"16,889",90.1,2018,Indiana Pacers,IND,Pacers
28,Grizzlies,41,"653,863","15,947",88,41,"17,348",91.2,82,"16,648",89.7,2018,Memphis Grizzlies,MEM,Grizzlies
29,Nets,41,"622,278","15,556",85.9,41,"17,687",91.8,82,"16,622",89,2018,Brooklyn Nets,BRK,Nets
30,Hawks,41,"590,769","14,409",76.9,41,"17,854",92.7,82,"16,088",84.7,2018,Atlanta Hawks,ATL,Hawks
1,76ers,41,"838,092","20,441",100.6,41,"17,895",94.3,82,"19,168",97.5,2019,Philadelphia 76ers,PHI,76ers
2,Bulls,41,"823,475","20,084",96,41,"17,822",94.1,82,"18,953",95.1,2019,Chicago Bulls,CHI,Bulls
3,Mavericks,41,"820,569","20,013",104.2,41,"18,073",95.9,82,"19,043",100.1,2019,Dallas Mavericks,DAL,Mavericks
4,Raptors,41,"812,822","19,824",100.1,41,"18,239",95.7,82,"19,032",98,2019,Toronto Raptors,TOR,Raptors
5,Heat,41,"805,264","19,640",100.2,41,"18,176",95.5,82,"18,908",97.9,2019,Miami Heat,MIA,Heat
6,Warriors,41,"803,436","19,596",100,41,"18,790",99.7,82,"19,193",99.8,2019,Golden State Warriors,GSW,Warriors
7,Trail Blazers,41,"799,345","19,496",100.3,41,"17,992",95.4,82,"18,753",97.9,2019,Portland Trail Blazers,POR,Trail Blazers
8,Cavaliers,41,"793,337","19,349",99.6,41,"17,632",92.6,82,"18,490",96.1,2019,Cleveland Cavaliers,CLE,Cavaliers
9,NY Knicks,41,"779,087","19,002",95.9,41,"17,566",92.6,82,"18,284",94.3,2019,New York Knicks,NYK,NY Knicks
10,Lakers,41,"778,877","18,997",99.7,41,"18,862",100.3,82,"18,929",100,2019,Los Angeles Lakers,LAL,Lakers
11,Celtics,41,"763,584","18,624",100,41,"18,671",97.5,82,"18,647",98.8,2019,Boston Celtics,BOS,Celtics
12,Nuggets,41,"756,457","18,450",96.3,41,"17,474",92.8,82,"17,962",94.6,2019,Denver Nuggets,DEN,Nuggets
13,Spurs,41,"750,616","18,307",98.5,41,"17,381",92.3,82,"17,844",95.4,2019,San Antonio Spurs,SAS,Spurs
14,Jazz,41,"750,546","18,306",100,41,"17,517",93,82,"17,911",96.4,2019,Utah Jazz,UTA,Jazz
15,Thunder,41,"746,323","18,203",100,41,"17,866",94.7,82,"18,034",97.3,2019,Oklahoma City Thunder,OKC,Thunder
16,Rockets,41,"740,392","18,058",100.1,41,"17,921",95,82,"17,989",97.5,2019,Houston Rockets,HOU,Rockets
17,Bucks,41,"721,692","17,602",101.5,41,"18,185",95.1,82,"17,893",98.1,2019,Milwaukee Bucks,MIL,Bucks
18,Magic,41,"720,024","17,561",93.2,41,"17,659",92.4,82,"17,610",92.8,2019,Orlando Magic,ORL,Magic
19,Wizards,41,"716,996","17,487",86.2,41,"17,509",91.8,82,"17,498",89,2019,Washington Wizards,WAS,Wizards
20,Clippers,41,"710,327","17,325",90.9,41,"17,233",91.4,82,"17,279",91.2,2019,Los Angeles Clippers,LAC,Clippers
21,Kings,41,"700,975","17,096",97.7,41,"17,199",91.1,82,"17,148",94.3,2019,Sacramento Kings,SAC,Kings
22,Pacers,41,"689,310","16,812",92.6,41,"17,957",93.7,82,"17,377",93.1,2019,Indiana Pacers,IND,Pacers
23,Hornets,41,"676,570","16,501",86.5,41,"17,648",92.8,82,"17,074",89.7,2019,Charlotte Hornets,CHO,Hornets
24,Pistons,41,"675,963","16,486",78.5,41,"17,819",94.1,82,"17,153",85.9,2019,Detroit Pistons,DET,Pistons
25,Pelicans,41,"656,183","16,004",93.1,41,"17,667",93.4,82,"16,835",93.3,2019,New Orleans Pelicans,NOP,Pelicans
26,Grizzlies,41,"607,564","15,578",86,41,"17,579",93.3,82,"16,604",89.8,2019,Memphis Grizzlies,MEM,Grizzlies
27,Hawks,41,"628,440","15,327",81.8,41,"17,786",93.7,82,"16,557",87.8,2019,Atlanta Hawks,ATL,Hawks
28,Timberwolves,41,"627,543","15,305",80.7,41,"17,641",93.7,82,"16,473",87.1,2019,Minnesota Timberwolves,MIN,Timberwolves
29,Suns,41,"627,023","15,293",83,41,"17,982",95.3,82,"16,638",89.2,2019,Phoenix Suns,PHO,Suns
30,Nets,41,"612,597","14,941",84.3,41,"18,085",94.7,82,"16,513",89.7,2019,Brooklyn Nets,BRK,Nets
