TEAM,YEAR,GP,W,L,MIN,OFFRTG,DEFRTG,NETRTG,AST%,AST/TO,AST RATIO,OREB%,DREB%,REB%,TOV%,EFG%,TS%,PACE,PIE,Year,Team,Abbrev,Nickname
Phoenix Suns,2019-20,65,26,39,3135,110.2,111.3,-1,66.6,1.8,19.1,26.1,72.8,49.4,14.8,52.8,57.2,101.76,50.4,2019,Phoenix Suns,PHO,Suns
Golden State Warriors,2019-20,65,15,50,3145,104.4,113,-8.6,66.3,1.72,18.2,25.5,72.2,48.1,14.6,49.7,54,101.04,46.2,2019,Golden State Warriors,GSW,Warriors
Miami Heat,2019-20,65,41,24,3165,112.2,109.2,3,65.6,1.74,18.8,25.9,75.6,51.6,14.9,54.9,58.7,98.46,52.6,2019,Miami Heat,MIA,Heat
Charlotte Hornets,2019-20,65,23,42,3150,105.9,112.8,-7,63.9,1.63,17.7,28,70.6,48.6,15,50.4,53.9,96.24,45.5,2019,Charlotte Hornets,CHO,Hornets
Philadelphia 76ers,2019-20,65,39,26,3135,109.7,107.6,2.1,63.4,1.82,18.6,27.8,75.4,51.5,14.2,53,56.2,99.38,52.5,2019,Philadelphia 76ers,PHI,76ers
Denver Nuggets,2019-20,65,43,22,3150,112,108.9,3.1,63.4,1.94,19,29.4,72.8,51,13.9,53.2,56.4,97.66,52,2019,Denver Nuggets,DEN,Nuggets
New Orleans Pelicans,2019-20,64,28,36,3102,110.6,111.6,-1,63.3,1.66,18.4,28.8,73.1,50.9,15.4,53.8,56.7,103.96,49.7,2019,New Orleans Pelicans,NOP,Pelicans
Memphis Grizzlies,2019-20,65,32,33,3125,108.9,109.9,-1,63.2,1.77,18.8,27.4,73,50.7,14.8,53,56.1,103.26,50.8,2019,Memphis Grizzlies,MEM,Grizzlies
Toronto Raptors,2019-20,64,46,18,3092,111.3,104.9,6.4,62.6,1.76,18.2,25.9,71.5,49.4,14.2,53.6,57.4,100.87,53.1,2019,Toronto Raptors,TOR,Raptors
Indiana Pacers,2019-20,65,39,26,3140,109.7,107.7,2,61.5,1.98,18.9,24.6,72.1,49,13.2,53.3,56.5,99.05,51.9,2019,Indiana Pacers,IND,Pacers
Detroit Pistons,2019-20,66,20,46,3193,108.8,112.3,-3.5,61.2,1.58,17.7,27.7,71.7,49.3,15.5,52.9,56.1,97.86,47.3,2019,Detroit Pistons,DET,Pistons
Orlando Magic,2019-20,65,30,35,3125,107.5,108.7,-1.2,61.1,1.9,17.6,26.8,74.8,49.9,12.7,50.3,54,98.7,49.8,2019,Orlando Magic,ORL,Magic
Washington Wizards,2019-20,64,24,40,3087,111.1,115,-3.9,60.4,1.8,17.8,26,70.8,47.6,13.5,52.8,56.8,103.52,47.8,2019,Washington Wizards,WAS,Wizards
Los Angeles Lakers,2019-20,63,49,14,3034,112.6,105.5,7.1,60.3,1.71,18.3,28.4,73.4,51.4,14.9,54.8,57.7,101.11,54.9,2019,Los Angeles Lakers,LAL,Lakers
Brooklyn Nets,2019-20,64,30,34,3112,107.8,108.3,-0.6,60.2,1.55,17,28.4,73.7,51.4,15.1,51.5,55,101.51,50,2019,Brooklyn Nets,BRK,Nets
Milwaukee Bucks,2019-20,65,53,12,3130,112.3,101.6,10.7,59.5,1.74,18.1,24.1,77.6,52.4,14.1,55.3,58.3,105.36,56.8,2019,Milwaukee Bucks,MIL,Bucks
Minnesota Timberwolves,2019-20,64,19,45,3112,107.6,111.6,-4,59,1.55,16.7,26.4,73.1,48.8,14.6,51.4,55.1,103.94,47.2,2019,Minnesota Timberwolves,MIN,Timberwolves
Atlanta Hawks,2019-20,67,20,47,3256,107,114.4,-7.4,58.9,1.48,16.9,26.7,70.8,48.4,15.5,51.5,55.4,103.28,45.4,2019,Atlanta Hawks,ATL,Hawks
Dallas Mavericks,2019-20,67,40,27,3236,115.8,110,5.8,58.8,1.91,17.6,27.5,73.8,51,12.7,54.8,58.1,99.78,52.6,2019,Dallas Mavericks,DAL,Mavericks
Chicago Bulls,2019-20,65,22,43,3135,105.8,108.9,-3.1,58.7,1.5,16.9,26.7,71.9,48.1,15.3,51.5,54.7,100.46,46.6,2019,Chicago Bulls,CHI,Bulls
San Antonio Spurs,2019-20,63,27,36,3059,111.3,112.8,-1.5,58.4,2,17.9,22.8,75.1,49.1,12.1,52.9,56.9,100.6,49.8,2019,San Antonio Spurs,SAS,Spurs
Sacramento Kings,2019-20,64,28,36,3102,109,110.8,-1.7,58,1.62,17.3,25.6,73.5,49,14.4,53.1,56.3,99.08,47.8,2019,Sacramento Kings,SAC,Kings
Los Angeles Clippers,2019-20,64,44,20,3087,112.9,106.6,6.4,57.3,1.61,16.9,28.4,73.4,51.5,14.4,53.2,57.4,102.39,53.1,2019,Los Angeles Clippers,LAC,Clippers
Cleveland Cavaliers,2019-20,65,19,46,3145,106.9,114.8,-7.9,57.3,1.4,16.8,29.6,73.8,51.2,16.5,52.2,55.3,99.17,45.3,2019,Cleveland Cavaliers,CLE,Cavaliers
Boston Celtics,2019-20,64,43,21,3097,112.3,106.2,6.1,55.4,1.67,16.6,28.4,73.2,50.9,13.6,52.9,56.7,99.78,53.1,2019,Boston Celtics,BOS,Celtics
Utah Jazz,2019-20,64,41,23,3077,112.1,108.8,3.3,55.2,1.49,16.7,25.8,74.7,51.2,15,55.2,58.7,98.95,51.8,2019,Utah Jazz,UTA,Jazz
New York Knicks,2019-20,66,21,45,3193,105.9,112.4,-6.5,55.2,1.54,16,30,74.2,51.3,14.3,50.1,53.1,99.11,46.1,2019,New York Knicks,NYK,NY Knicks
Oklahoma City Thunder,2019-20,64,40,24,3092,111,108.4,2.5,54.3,1.63,16.5,23.9,72.8,49.2,13.5,53.4,57.7,99.21,52.5,2019,Oklahoma City Thunder,OKC,Thunder
Houston Rockets,2019-20,64,40,24,3087,113.4,109.9,3.4,52.2,1.46,15.5,26.1,71.4,48.7,14.1,53.9,57.8,103.62,49.7,2019,Houston Rockets,HOU,Rockets
Portland Trail Blazers,2019-20,66,29,37,3178,112,113.6,-1.5,48.2,1.55,15,26.3,71,49.1,12.8,53,56.6,101.15,48.3,2019,Portland Trail Blazers,POR,Trail Blazers
Utah Jazz,2000-01,82,53,29,3956,106.1,100.9,5.2,71.3,1.63,19.6,33.2,70.1,51.9,17.3,49.7,54.6,91.08,54.8,2000,Utah Jazz,UTA,Jazz
Charlotte Hornets,2000-01,82,46,36,3976,99.7,97.6,2.1,67.9,1.61,17.8,31.5,71,51.3,15.6,45.7,50.6,91.24,52.7,2000,Charlotte Hornets,CHH,Hornets
Chicago Bulls,2000-01,82,15,67,3971,95.9,105.9,-10,66.5,1.4,17.4,30.2,67.3,48,17.3,45,49.5,90.47,43.2,2000,Chicago Bulls,CHI,Bulls
Minnesota Timberwolves,2000-01,82,47,35,3966,103.9,102.4,1.6,66.2,1.83,19,31.5,68.2,49.8,14.8,48.2,52.3,92.99,51.8,2000,Minnesota Timberwolves,MIN,Timberwolves
Vancouver Grizzlies,2000-01,82,23,59,3956,98.2,104.2,-6,66.2,1.47,17.9,29.3,67.5,48.4,16.8,46.4,51,93.03,46.5,2000,Vancouver Grizzlies,VAN,Grizzlies
Denver Nuggets,2000-01,82,40,42,3956,102.2,104.9,-2.8,66.1,1.73,18,30.6,69,49.7,14.7,47,51.1,93.98,48,2000,Denver Nuggets,DEN,Nuggets
Toronto Raptors,2000-01,82,47,35,3991,104.4,102,2.3,65.7,1.86,18.2,33.9,70,51.5,14.1,46.8,51,92.22,52.2,2000,Toronto Raptors,TOR,Raptors
Portland Trail Blazers,2000-01,82,50,32,3956,104.7,100.5,4.2,65.3,1.56,18.6,33.3,70,52.2,16.8,49.7,53.9,90.53,54.4,2000,Portland Trail Blazers,POR,Trail Blazers
Phoenix Suns,2000-01,82,51,31,3961,98.9,96.7,2.3,64.7,1.52,17.5,30.5,70.2,50,16.1,46,50.6,94.41,52.1,2000,Phoenix Suns,PHO,Suns
Indiana Pacers,2000-01,82,41,41,3996,100.3,100.5,-0.2,62.3,1.42,16.9,29.7,68.5,49.7,16.4,47.1,51.9,90.89,51,2000,Indiana Pacers,IND,Pacers
San Antonio Spurs,2000-01,82,58,24,3966,105,96.6,8.3,61.7,1.55,17.2,29.7,70.3,51.1,15.2,49.6,54.1,90.87,57.3,2000,San Antonio Spurs,SAS,Spurs
Boston Celtics,2000-01,82,36,46,3966,100.1,102.3,-2.2,61.6,1.33,16.2,28,69,47.8,16.6,47.3,52.1,93.81,46.8,2000,Boston Celtics,BOS,Celtics
Golden State Warriors,2000-01,82,17,65,3956,96.3,105.5,-9.2,60.9,1.37,15.9,35.7,68,50.4,16.5,42.9,47,95.7,42.7,2000,Golden State Warriors,GSW,Warriors
Los Angeles Lakers,2000-01,82,56,26,3981,107,103.6,3.5,60.7,1.59,17.4,33.8,69.1,51.7,15.4,49.8,53.5,92.9,53.2,2000,Los Angeles Lakers,LAL,Lakers
Miami Heat,2000-01,82,50,32,3976,99.4,97.1,2.3,60.5,1.45,16.4,28,70,49,15.3,46.9,51.5,88.39,52.3,2000,Miami Heat,MIA,Heat
Orlando Magic,2000-01,82,43,39,3991,102.1,101.1,1,59.8,1.45,16.6,32.1,66.2,48.9,15.9,47.4,51.3,94.14,49.5,2000,Orlando Magic,ORL,Magic
Milwaukee Bucks,2000-01,82,52,30,3956,106.8,102.6,4.2,59.3,1.64,17.2,30.1,68.3,49.4,14.5,49.9,54.2,93.89,51.9,2000,Milwaukee Bucks,MIL,Bucks
Seattle SuperSonics,2000-01,82,44,38,3961,104.4,104.2,0.2,59.2,1.43,16.9,32.1,66.8,49.6,16.4,49.1,53,92.69,49.4,2000,Seattle SuperSonics,SEA,SuperSonics
Sacramento Kings,2000-01,82,55,27,4016,104.2,98.5,5.7,59.1,1.52,16.8,30.7,67.9,49.7,15.2,48.4,52.9,95.61,54,2000,Sacramento Kings,SAC,Kings
Cleveland Cavaliers,2000-01,82,30,52,3966,99.3,103.5,-4.2,59.1,1.27,16.2,33.1,67.8,50.5,17.7,45.9,50.9,92.32,46.9,2000,Cleveland Cavaliers,CLE,Cavaliers
Philadelphia 76ers,2000-01,82,56,26,3971,101.9,97.3,4.6,58.3,1.31,16,33.4,70.4,52.3,17,46.8,51.8,92.09,53.6,2000,Philadelphia 76ers,PHI,76ers
Washington Wizards,2000-01,82,19,63,3936,99.4,106.2,-6.8,58.1,1.18,15.6,32.8,68.4,50.2,18.1,46,51.4,93.97,45.3,2000,Washington Wizards,WAS,Wizards
New Jersey Nets,2000-01,82,26,56,3946,98.4,103.8,-5.4,57.6,1.33,15.4,29.2,67.3,47.7,15.7,45.2,50.4,93.35,44.6,2000,New Jersey Nets,NJN,Nets
Dallas Mavericks,2000-01,82,53,29,3961,105.6,101.2,4.4,56.4,1.52,16.5,27.2,67.8,48.1,14.6,49.8,54.4,94.52,52.3,2000,Dallas Mavericks,DAL,Mavericks
Detroit Pistons,2000-01,82,32,50,3971,98.5,100.3,-1.8,55.8,1.25,14.9,32.5,69.1,50.5,16.4,45.3,49.8,96.15,48,2000,Detroit Pistons,DET,Pistons
New York Knicks,2000-01,82,48,34,3981,100,97,3,55.2,1.28,15.6,27.6,70.7,49.8,16.3,47.6,52.3,87.74,52,2000,New York Knicks,NYK,NY Knicks
Houston Rockets,2000-01,82,45,37,3966,105.2,102.8,2.4,54.8,1.34,15.7,30.5,69.1,50.2,15.9,49.2,53.8,91.66,50.9,2000,Houston Rockets,HOU,Rockets
Los Angeles Clippers,2000-01,82,31,51,4006,100.3,103.2,-2.9,54.7,1.23,15.3,32.2,68.2,50.6,17.1,47.6,51.4,90.67,47.6,2000,Los Angeles Clippers,LAC,Clippers
Atlanta Hawks,2000-01,82,25,57,3946,96.9,102.4,-5.5,54.2,1.14,14.9,31.3,69.1,50.1,17.8,45.6,50,93.63,45.2,2000,Atlanta Hawks,ATL,Hawks
Utah Jazz,2002-03,82,47,35,3956,103.7,101.1,2.6,72.7,1.53,19.5,35.3,67.3,51.9,18.4,48.6,53.7,90.78,55.1,2002,Utah Jazz,UTA,Jazz
Indiana Pacers,2002-03,82,48,34,3981,103.2,99.6,3.5,65.6,1.58,17.7,31.8,69.4,50.9,15.7,46.9,52.2,92.71,53.8,2002,Indiana Pacers,IND,Pacers
Minnesota Timberwolves,2002-03,82,51,31,3961,104.8,102.5,2.2,65.3,1.84,19,31,69.5,50.8,14.6,48.8,52.8,93.08,52.9,2002,Minnesota Timberwolves,MIN,Timberwolves
New Jersey Nets,2002-03,82,49,33,3951,102.1,96.6,5.4,64.9,1.56,17.6,31.7,70.2,51,15.8,46.8,51.8,93,54.4,2002,New Jersey Nets,NJN,Nets
Denver Nuggets,2002-03,82,17,65,3946,91.2,100.1,-8.9,64.6,1.15,16.3,34.5,69.7,51.1,20,42.8,46.9,92.11,42.5,2002,Denver Nuggets,DEN,Nuggets
Sacramento Kings,2002-03,82,59,23,3966,104.4,97.8,6.6,62.7,1.71,18.3,28.9,67.8,49.3,14.9,49.9,53.5,96.63,55.1,2002,Sacramento Kings,SAC,Kings
Portland Trail Blazers,2002-03,82,50,32,3970,104.2,101.5,2.7,62.3,1.49,17.7,33.8,68.9,51.5,16.7,48.9,53.1,90.44,51.5,2002,Portland Trail Blazers,POR,Trail Blazers
Memphis Grizzlies,2002-03,82,28,54,3986,102.3,105.9,-3.5,62.1,1.5,17.5,30.1,65.9,48.2,16.2,48.7,52.6,94.03,48.2,2002,Memphis Grizzlies,MEM,Grizzlies
New Orleans Hornets,2002-03,82,47,35,3981,102.4,100,2.4,62,1.49,17,34.5,69.7,51.8,16.1,46.5,51.1,90.72,51.7,2002,New Orleans Hornets,NOH,Hornets
Los Angeles Lakers,2002-03,82,50,32,3986,105.6,103.4,2.2,61.8,1.6,17.4,32.8,69.3,50.9,15.3,48.6,52.8,93.78,52,2002,Los Angeles Lakers,LAL,Lakers
Seattle SuperSonics,2002-03,82,40,42,3971,102.4,102.6,-0.2,61.5,1.64,17.2,31.4,68.8,49.7,14.7,47.2,51.2,89.17,50.2,2002,Seattle SuperSonics,SEA,SuperSonics
New York Knicks,2002-03,82,37,45,3971,103.3,104.6,-1.3,60.7,1.57,17.2,28,68.9,48,15.1,48.6,52.8,92.06,47.4,2002,New York Knicks,NYK,NY Knicks
Cleveland Cavaliers,2002-03,82,17,65,3966,95.2,105.1,-9.9,60.1,1.14,15.7,33.8,69.7,51.3,19.1,44.4,49.1,95.32,43.1,2002,Cleveland Cavaliers,CLE,Cavaliers
Detroit Pistons,2002-03,82,50,32,3981,102.4,98.2,4.2,60,1.47,16.2,29.4,70.7,49.9,15.1,47.3,52.3,88.26,52.5,2002,Detroit Pistons,DET,Pistons
Milwaukee Bucks,2002-03,82,42,40,3981,107.2,106.9,0.3,59.9,1.75,17.4,28.7,66.6,47.7,13.7,50,54.3,91.76,49.5,2002,Milwaukee Bucks,MIL,Bucks
Chicago Bulls,2002-03,82,30,52,3985,99.1,104.2,-5.1,59.6,1.28,16.5,30.7,67.2,49.2,17.7,47.1,51.2,94.76,45.7,2002,Chicago Bulls,CHI,Bulls
Philadelphia 76ers,2002-03,82,48,34,3971,103.2,100.6,2.6,59.5,1.46,16.5,32.4,70.4,50.9,15.8,46.6,52,93.07,51.6,2002,Philadelphia 76ers,PHI,76ers
Atlanta Hawks,2002-03,82,35,47,3981,100.4,104.2,-3.8,58.7,1.23,16,30,68.1,49.9,17.8,47.6,52.7,92.63,48.3,2002,Atlanta Hawks,ATL,Hawks
Boston Celtics,2002-03,82,44,38,3966,100,100.5,-0.6,58.3,1.37,15.5,26.6,69.1,47.4,15.1,47,51.4,91.95,48,2002,Boston Celtics,BOS,Celtics
Dallas Mavericks,2002-03,82,60,22,3956,109.3,101,8.3,58.1,1.94,17.3,27.7,67.7,47.8,12.3,49.8,54.3,93.75,54.6,2002,Dallas Mavericks,DAL,Mavericks
Washington Wizards,2002-03,82,37,45,3966,101.5,102.6,-1.1,57.2,1.47,15.9,30.5,68.6,49.6,14.8,46,51.3,89.46,49.8,2002,Washington Wizards,WAS,Wizards
Phoenix Suns,2002-03,82,44,38,3961,102.6,101.3,1.3,57.2,1.42,16.2,32.3,67.2,49.6,15.8,47.3,51.4,92.59,49.8,2002,Phoenix Suns,PHO,Suns
Orlando Magic,2002-03,82,42,40,3961,103.7,103.7,0,56.9,1.42,15.8,30,68,48.5,15.1,47.8,52.6,94.33,48.2,2002,Orlando Magic,ORL,Magic
Los Angeles Clippers,2002-03,82,27,55,3951,101.1,105.1,-4,56.6,1.24,15.4,31.6,67.3,49.6,17,46.7,51.6,92.68,47,2002,Los Angeles Clippers,LAC,Clippers
San Antonio Spurs,2002-03,82,60,22,3966,103.9,98.1,5.8,56.3,1.26,15.9,31.1,68.7,50.8,17.1,49.7,54.1,91.46,54.9,2002,San Antonio Spurs,SAS,Spurs
Golden State Warriors,2002-03,82,38,44,3951,106.4,107.7,-1.3,55.9,1.32,15.4,37.1,66.3,51.8,16.4,47.2,52.6,95.88,49.2,2002,Golden State Warriors,GSW,Warriors
Miami Heat,2002-03,82,25,57,3966,95.4,101.2,-5.8,55.8,1.29,15,30.6,70.9,50.1,15.9,43.9,48.3,88.93,45.6,2002,Miami Heat,MIA,Heat
Toronto Raptors,2002-03,82,24,58,3961,99.3,105.6,-6.3,55.6,1.34,15.3,31.8,67.8,49.1,15.7,45.8,49.7,91.01,44.7,2002,Toronto Raptors,TOR,Raptors
Houston Rockets,2002-03,82,43,39,3986,102.4,100.9,1.5,53,1.18,14.7,33.1,69.8,51.8,17,47.4,52.2,90.36,51.1,2002,Houston Rockets,HOU,Rockets
New Jersey Nets,2003-04,82,47,35,3941,99,96.4,2.6,71.4,1.66,19.1,28.9,71.1,50.1,16.2,47.1,51.5,90.97,53.3,2003,New Jersey Nets,NJN,Nets
Sacramento Kings,2003-04,82,55,27,3956,108.6,103.2,5.4,69.4,1.89,19.6,29.2,67.6,48.8,14.6,50.7,55.4,94.25,54.4,2003,Sacramento Kings,SAC,Kings
Memphis Grizzlies,2003-04,82,50,32,3976,103.4,100.8,2.6,64.6,1.56,17.7,32.5,65.5,48.9,16,47.9,52.2,92.6,52.2,2003,Memphis Grizzlies,MEM,Grizzlies
Indiana Pacers,2003-04,82,61,21,3961,102.5,96.2,6.3,64.4,1.5,17.3,32,70.6,51.1,16.2,47.1,52,88.54,53.9,2003,Indiana Pacers,IND,Pacers
Los Angeles Lakers,2003-04,82,56,26,3971,104.2,100.1,4.1,64.3,1.72,17.9,31.3,70.1,50.6,14.6,48.1,52.2,93.39,53.8,2003,Los Angeles Lakers,LAL,Lakers
Chicago Bulls,2003-04,82,23,59,3966,95.6,102.1,-6.5,64.1,1.36,16.7,31.1,67.9,49.1,17.2,44.6,48.6,93.23,44.6,2003,Chicago Bulls,CHI,Bulls
Milwaukee Bucks,2003-04,82,41,41,3956,104.6,103.5,1.1,63,1.69,17.5,30.8,69,49.9,14.4,47.7,52.8,93.2,51,2003,Milwaukee Bucks,MIL,Bucks
Minnesota Timberwolves,2003-04,82,58,24,3951,104.2,98.5,5.7,62.3,1.81,18.2,30.3,69.1,50.7,14,48.6,52.8,90.24,55.4,2003,Minnesota Timberwolves,MIN,Timberwolves
Utah Jazz,2003-04,82,42,40,3956,100,101.3,-1.3,62.1,1.22,16.3,37.3,69.1,52.9,18.8,45.6,50.9,88.26,49.3,2003,Utah Jazz,UTA,Jazz
Detroit Pistons,2003-04,82,54,28,3956,100.3,93.9,6.5,62,1.37,16.6,33.2,68.6,51.2,16.8,46.1,51.1,89.34,55.8,2003,Detroit Pistons,DET,Pistons
New Orleans Hornets,2003-04,82,41,41,3966,100.7,100.6,0.1,61.9,1.4,16.4,33.2,68.1,50.2,16.4,46,50.5,90.59,49.1,2003,New Orleans Hornets,NOH,Hornets
Cleveland Cavaliers,2003-04,82,35,47,3971,100.6,103.1,-2.6,61.9,1.49,16.9,34,68.8,51.4,16,45.1,49.8,91.71,49.1,2003,Cleveland Cavaliers,CLE,Cavaliers
Philadelphia 76ers,2003-04,82,33,49,3971,97.8,100.4,-2.6,61.1,1.25,16.1,31.3,68.1,49.8,17.7,45.6,50.5,89.26,48.4,2003,Philadelphia 76ers,PHI,76ers
Portland Trail Blazers,2003-04,82,41,41,3996,102.1,103.5,-1.5,61,1.46,17.2,34.4,67,50.7,16.6,47.8,51.5,87.54,48.8,2003,Portland Trail Blazers,POR,Trail Blazers
Seattle SuperSonics,2003-04,82,37,45,3961,105.6,106.4,-0.8,60.6,1.5,17.1,30.2,65.5,47.9,15.8,50.1,54,91.34,49.1,2003,Seattle SuperSonics,SEA,SuperSonics
Denver Nuggets,2003-04,82,43,39,3946,102.4,101.4,1,59.9,1.4,16.5,33.7,66.4,49.8,16.4,46.7,51.7,94.64,50.5,2003,Denver Nuggets,DEN,Nuggets
Toronto Raptors,2003-04,82,33,49,3996,95.3,98.8,-3.4,59.3,1.35,15.9,27,67.3,47.1,15.9,45.4,49.5,88.24,47.6,2003,Toronto Raptors,TOR,Raptors
Boston Celtics,2003-04,82,36,46,3941,100.7,102.2,-1.5,59.2,1.26,16.1,27.9,65.8,47.3,17.2,48.6,53.2,94.47,49,2003,Boston Celtics,BOS,Celtics
Dallas Mavericks,2003-04,82,52,30,3961,110.4,105.9,4.5,59.1,1.96,17.7,33.5,68.6,50.7,12.8,49.5,53.6,94.62,52.7,2003,Dallas Mavericks,DAL,Mavericks
San Antonio Spurs,2003-04,82,57,25,3951,101,93.1,7.9,59,1.39,16.3,31.9,71,51.6,16.2,47.3,51.1,90.23,56.6,2003,San Antonio Spurs,SAS,Spurs
New York Knicks,2003-04,82,39,43,3976,99.7,101.3,-1.6,58.8,1.31,16.4,30.7,70.1,50.8,17,47.4,51.8,91.29,48.8,2003,New York Knicks,NYK,NY Knicks
Los Angeles Clippers,2003-04,82,28,54,3961,101.9,106.6,-4.7,58.7,1.23,15.5,36.2,67.7,51.7,17.6,45.3,51.2,92.49,46.4,2003,Los Angeles Clippers,LAC,Clippers
Golden State Warriors,2003-04,82,37,45,3971,101.5,102.6,-1.1,58.5,1.39,16.2,31.2,69.4,50.3,16.1,47.5,51.7,90.95,49.1,2003,Golden State Warriors,GSW,Warriors
Atlanta Hawks,2003-04,82,28,54,3981,99.1,103.9,-4.8,58.3,1.22,15.7,30.8,68.6,50,17.6,46.5,51.4,92.68,46.6,2003,Atlanta Hawks,ATL,Hawks
Houston Rockets,2003-04,82,45,37,3986,99.7,97.8,1.9,57.7,1.15,15.8,30.5,70.8,51.6,18.6,48.4,52.8,88.92,51.3,2003,Houston Rockets,HOU,Rockets
Miami Heat,2003-04,82,42,40,3951,100.6,100.3,0.3,57.3,1.38,15.6,30.7,70.7,50.4,15.4,46.3,51,89.3,49.6,2003,Miami Heat,MIA,Heat
Washington Wizards,2003-04,82,25,57,3966,97.2,102.9,-5.7,55.7,1.07,14.5,33.3,66.7,49.6,18.6,45.4,50,93.9,44.1,2003,Washington Wizards,WAS,Wizards
Orlando Magic,2003-04,82,21,61,3966,101.4,108.8,-7.4,54.5,1.41,15.2,31.5,65.7,48.1,14.8,46.1,50.4,92.14,43.4,2003,Orlando Magic,ORL,Magic
Phoenix Suns,2003-04,82,29,53,3946,100.3,104.2,-3.8,53.6,1.27,15.3,29.7,66.1,47.9,16.2,47.5,51.5,93.72,46.6,2003,Phoenix Suns,PHO,Suns
New Jersey Nets,2005-06,82,49,33,3956,102.4,100.9,1.5,67.8,1.68,18.2,27.4,73,50.1,14.9,47.8,52.8,91.17,51.3,2005,New Jersey Nets,NJN,Nets
Detroit Pistons,2005-06,82,64,18,3966,109.3,101.7,7.6,66.1,2.12,18.9,31.7,68,49.7,12.8,49.7,53.5,87.98,55.7,2005,Detroit Pistons,DET,Pistons
Utah Jazz,2005-06,82,41,41,3976,102.4,105.1,-2.7,64.6,1.37,16.9,35.6,70.2,52.6,17.4,46.7,51.9,89.4,49.7,2005,Utah Jazz,UTA,Jazz
Phoenix Suns,2005-06,82,54,28,3991,110.2,104.7,5.4,63.5,2,19.5,25.6,69,48,13.5,53.7,56.8,96.92,54.7,2005,Phoenix Suns,PHO,Suns
Denver Nuggets,2005-06,82,44,38,3986,104.4,104.1,0.3,62.4,1.58,17.6,30,68.2,49.4,15.4,48.8,53.5,94.9,51.2,2005,Denver Nuggets,DEN,Nuggets
Sacramento Kings,2005-06,82,44,38,3966,105.3,103.5,1.8,61.8,1.52,17.3,28.9,69.4,49.5,15.6,49.2,54.4,93.26,51.5,2005,Sacramento Kings,SAC,Kings
Chicago Bulls,2005-06,82,41,41,3981,103.3,102.7,0.7,60.1,1.47,16.9,30.3,70.3,50.3,15.8,48.7,52.7,93.59,50.1,2005,Chicago Bulls,CHI,Bulls
Milwaukee Bucks,2005-06,82,40,42,3971,104.9,105.9,-1,59.4,1.48,16.8,30.9,71.3,50.7,15.7,49.2,53.5,92.45,48.6,2005,Milwaukee Bucks,MIL,Bucks
Minnesota Timberwolves,2005-06,82,33,49,3971,101.5,103.5,-2,59.4,1.44,16.9,29.6,67.3,49,16,48,52.4,89.58,50.3,2005,Minnesota Timberwolves,MIN,Timberwolves
Indiana Pacers,2005-06,82,41,41,3946,103.1,101,2,58.5,1.3,16,30.4,69.9,50.6,16.8,48.7,53.3,90.85,51.4,2005,Indiana Pacers,IND,Pacers
Houston Rockets,2005-06,82,34,48,3966,100.4,102.1,-1.7,58.3,1.32,15.8,29.1,70.5,50.1,16.2,47.1,51.9,89.07,49,2005,Houston Rockets,HOU,Rockets
Boston Celtics,2005-06,82,33,49,3976,104,105.6,-1.5,58.1,1.26,16.4,28.9,69.4,49.7,17.6,50.4,55.1,93.27,48.5,2005,Boston Celtics,BOS,Celtics
Charlotte Bobcats,2005-06,82,26,56,3981,101.2,105.6,-4.4,58,1.47,15.9,30.5,67.8,47.9,14.9,46.4,50.9,94.57,46.3,2005,Charlotte Bobcats,CHA,Bobcats
Los Angeles Lakers,2005-06,82,45,37,3971,106.8,104.2,2.6,58,1.52,16.5,31.6,70.1,50.7,15,49.5,53.9,92.22,51.8,2005,Los Angeles Lakers,LAL,Lakers
Memphis Grizzlies,2005-06,82,49,33,3971,104.5,100.4,4.1,57.8,1.4,16.1,29.8,69,49.6,15.7,49.6,53.7,87.39,51.6,2005,Memphis Grizzlies,MEM,Grizzlies
Golden State Warriors,2005-06,82,34,48,3966,103.5,104.9,-1.4,57.6,1.47,15.9,29.6,68.6,48.5,14.8,47.9,52.1,94.43,47.5,2005,Golden State Warriors,GSW,Warriors
San Antonio Spurs,2005-06,82,63,19,3961,106.2,98.7,7.5,57.4,1.52,17,28.9,70.8,50.5,15.3,51.3,54.6,89.41,55.4,2005,San Antonio Spurs,SAS,Spurs
Los Angeles Clippers,2005-06,82,47,35,3961,103.8,102.2,1.6,57.1,1.44,16.5,28.6,71.9,51.3,15.4,48.7,54,92.99,52.3,2005,Los Angeles Clippers,LAC,Clippers
Miami Heat,2005-06,82,52,30,3951,107.5,103.4,4.1,55.7,1.43,16.4,29.7,72.6,51.9,15.6,51.7,55.6,92.56,53.8,2005,Miami Heat,MIA,Heat
Atlanta Hawks,2005-06,82,26,56,3976,104.8,110.1,-5.3,55.2,1.27,15.5,33.4,66.7,49.6,16.9,48.6,53.4,91.75,46.2,2005,Atlanta Hawks,ATL,Hawks
Seattle SuperSonics,2005-06,82,35,47,3966,109.4,112.7,-3.3,55.1,1.4,16,34,65.9,49.5,15.7,50.4,55.1,93.04,46.7,2005,Seattle SuperSonics,SEA,SuperSonics
Philadelphia 76ers,2005-06,82,38,44,3981,104.7,106.5,-1.8,55.1,1.43,15.8,28.5,67.6,48.1,14.9,48.7,53.8,93.91,49.2,2005,Philadelphia 76ers,PHI,76ers
New Orleans/Oklahoma City Hornets,2005-06,82,38,44,3961,102.3,105.1,-2.8,53.7,1.39,15.1,29.7,70.9,49.7,14.7,46.4,51.5,90.32,48.4,2005,New Orleans/Oklahoma City Hornets,NOK,Hornets
Cleveland Cavaliers,2005-06,82,50,32,3966,106.6,104.4,2.1,53.6,1.37,15.3,31.3,71.7,51.4,15.1,49.2,53.8,90.77,51,2005,Cleveland Cavaliers,CLE,Cavaliers
Portland Trail Blazers,2005-06,82,21,61,3946,99.7,110.3,-10.7,53.4,1.24,15.1,30.8,65.7,48,16.5,47.4,51.1,88.88,42.4,2005,Portland Trail Blazers,POR,Trail Blazers
Toronto Raptors,2005-06,82,27,55,3991,107.9,111.2,-3.2,52.9,1.49,15.5,28.6,69.7,48.4,13.9,50,54.8,92.33,45.9,2005,Toronto Raptors,TOR,Raptors
New York Knicks,2005-06,82,23,59,3986,102.7,109.3,-6.6,52,1.01,14.2,34.2,69.7,51.8,19,48.1,53.4,92.03,44.4,2005,New York Knicks,NYK,NY Knicks
Orlando Magic,2005-06,82,36,46,3981,105.3,106.6,-1.3,51.4,1.21,15,33,69.1,51.6,16.8,49.6,54.3,89.12,49.5,2005,Orlando Magic,ORL,Magic
Washington Wizards,2005-06,82,42,40,3966,107.7,105.8,1.9,51.2,1.33,14.5,32.9,67.9,49.9,14.8,48.4,53.8,93.68,50.3,2005,Washington Wizards,WAS,Wizards
Dallas Mavericks,2005-06,82,60,22,3976,109.9,103.2,6.7,50,1.32,14.6,34.7,69,52.2,15,49.5,55,89.3,55.1,2005,Dallas Mavericks,DAL,Mavericks
New Jersey Nets,2006-07,82,41,41,3976,104.2,105.1,-0.9,67.4,1.62,18.5,27.5,71.4,49.6,15.8,50.4,54.6,92.69,49.9,2006,New Jersey Nets,NJN,Nets
Utah Jazz,2006-07,82,51,31,3961,108.6,105.6,3,65.9,1.58,18.5,35.2,72.1,53.4,16.7,50.2,55.1,92.81,53.1,2006,Utah Jazz,UTA,Jazz
Phoenix Suns,2006-07,82,61,21,3981,112.9,105.5,7.4,62.6,1.78,19.3,26.2,68.3,48.4,14.9,55.1,59,96.45,56.1,2006,Phoenix Suns,PHO,Suns
Charlotte Bobcats,2006-07,82,33,49,4001,102.4,106.3,-3.9,62,1.5,17.1,29.9,68.2,48.5,15.8,48,52.4,93.11,47.1,2006,Charlotte Bobcats,CHA,Bobcats
Minnesota Timberwolves,2006-07,82,32,50,4001,102.4,106.5,-4,61.7,1.45,17.5,29.2,69.8,50,16.6,49,53.7,92.19,48.7,2006,Minnesota Timberwolves,MIN,Timberwolves
Los Angeles Clippers,2006-07,82,40,42,3946,103.8,104.2,-0.4,61.2,1.42,17,30.7,71.2,51.3,16.4,48.1,53.7,91.92,50.9,2006,Los Angeles Clippers,LAC,Clippers
Denver Nuggets,2006-07,82,45,37,3956,106.7,105.1,1.7,60.7,1.42,17.1,32.2,67.8,50.2,16.7,50.1,54.8,98.2,51.4,2006,Denver Nuggets,DEN,Nuggets
San Antonio Spurs,2006-07,82,58,24,3956,108.6,99.4,9.2,60.5,1.6,17.8,27.9,71.5,50.5,15.3,52.1,56.1,90.22,56.9,2006,San Antonio Spurs,SAS,Spurs
Chicago Bulls,2006-07,82,49,33,3956,104,98.8,5.2,60.1,1.4,17,31.9,70.7,51.4,16.8,49.3,53.4,94.47,53.9,2006,Chicago Bulls,CHI,Bulls
Detroit Pistons,2006-07,82,53,29,3976,107.4,102.6,4.8,60.1,1.77,17.3,30.7,67.8,49.3,13.7,48.8,53.5,88.56,53.3,2006,Detroit Pistons,DET,Pistons
Toronto Raptors,2006-07,82,47,35,3951,105.7,104.4,1.2,60.1,1.65,17.5,25,71.1,48.1,14.3,50.4,55,93.86,51.4,2006,Toronto Raptors,TOR,Raptors
Golden State Warriors,2006-07,82,42,40,3951,106.2,106.5,-0.3,59.8,1.49,17.3,28.5,66.2,47.2,15.9,51.2,54.8,99.97,48.9,2006,Golden State Warriors,GSW,Warriors
Los Angeles Lakers,2006-07,82,42,40,4006,107.3,107.5,-0.2,59.6,1.45,17.1,30,69,49.6,16.1,51.1,55.4,94.58,49.9,2006,Los Angeles Lakers,LAL,Lakers
Houston Rockets,2006-07,82,52,30,3971,104.7,99.7,4.9,58.6,1.47,16.5,28.7,72.5,50.8,15.3,49.9,54,91.7,52.9,2006,Houston Rockets,HOU,Rockets
Indiana Pacers,2006-07,82,35,47,3956,101.9,104.4,-2.5,58.5,1.26,15.9,32.1,69.4,50.3,17.3,47.4,52.3,93.43,48.5,2006,Indiana Pacers,IND,Pacers
Miami Heat,2006-07,82,44,38,3971,103.4,104.6,-1.2,57.6,1.4,16.6,27.9,69.3,49.3,16,50.6,54.1,90.61,50.8,2006,Miami Heat,MIA,Heat
Cleveland Cavaliers,2006-07,82,50,32,3976,104.4,100.6,3.8,57.4,1.45,16.2,32.7,72.1,51.8,15.5,48.4,52.2,91.59,52,2006,Cleveland Cavaliers,CLE,Cavaliers
Boston Celtics,2006-07,82,24,58,3971,102.3,105.8,-3.5,57,1.21,15.6,30.9,70.5,50.2,17.6,47.9,53,92.91,45.9,2006,Boston Celtics,BOS,Celtics
Philadelphia 76ers,2006-07,82,35,47,3976,102.4,105.6,-3.2,56.9,1.33,16.1,30.6,67.8,49.3,16.5,48,53,91.84,48.9,2006,Philadelphia 76ers,PHI,76ers
Milwaukee Bucks,2006-07,82,28,54,3971,106,110.3,-4.3,56.7,1.43,16.7,30.6,65.7,47.9,16.1,50.4,54.1,93.33,45.6,2006,Milwaukee Bucks,MIL,Bucks
Sacramento Kings,2006-07,82,33,49,3961,105.1,106.7,-1.6,56.6,1.39,15.8,26.7,69.2,47.7,15.1,49.1,54.5,95.83,48.5,2006,Sacramento Kings,SAC,Kings
Memphis Grizzlies,2006-07,82,22,60,3996,105.7,110.9,-5.2,56,1.25,15.9,29.1,68.2,48.6,17,50.4,55.5,94.77,46.2,2006,Memphis Grizzlies,MEM,Grizzlies
Seattle SuperSonics,2006-07,82,31,51,3966,105.9,108.9,-3,55.6,1.34,16.2,31.2,67.6,49.2,16.5,49.9,54.4,92.92,47.4,2006,Seattle SuperSonics,SEA,SuperSonics
Atlanta Hawks,2006-07,82,30,52,3976,102,107,-5.1,55.6,1.2,15.3,32.8,67.6,49.9,17.3,47.1,52.3,90.98,46.6,2006,Atlanta Hawks,ATL,Hawks
Dallas Mavericks,2006-07,82,67,15,3951,109.7,102.1,7.6,54.2,1.43,16,32,71.9,52.2,15.2,50.9,55.9,90.68,55.2,2006,Dallas Mavericks,DAL,Mavericks
Washington Wizards,2006-07,82,41,41,3966,108.7,109.1,-0.4,54.1,1.47,15.5,31.2,67.8,48.9,14.4,49.1,54.2,95.33,48.5,2006,Washington Wizards,WAS,Wizards
Orlando Magic,2006-07,82,40,42,3956,104.1,103.3,0.8,53,1.1,15.1,33.3,69.7,51.9,18.6,50,54.4,90.54,50.2,2006,Orlando Magic,ORL,Magic
New York Knicks,2006-07,82,33,49,4001,104.3,107.4,-3.1,52.8,1.09,14.7,33.7,71.4,52.7,18.3,49.4,53.9,91.89,47.1,2006,New York Knicks,NYK,NY Knicks
Portland Trail Blazers,2006-07,82,32,50,3991,103.8,108.6,-4.8,52.6,1.22,15,32.6,69.7,50.7,16.6,48.3,53,89.36,45.9,2006,Portland Trail Blazers,POR,Trail Blazers
New Orleans/Oklahoma City Hornets,2006-07,82,39,43,3976,103.7,105.4,-1.6,51.7,1.29,14.9,31.8,71.9,51.4,15.7,47.9,52,91.19,48.5,2006,New Orleans/Oklahoma City Hornets,NOK,Hornets
New Jersey Nets,2007-08,82,34,48,3966,102.3,107.7,-5.4,67.4,1.57,18,30,70.6,50.2,16,48.1,52.8,92.96,47.5,2007,New Jersey Nets,NJN,Nets
Utah Jazz,2007-08,82,54,28,3941,112.1,104.9,7.2,66,1.8,19.6,32.7,71,52.1,15.4,52.8,57.3,94.64,55.6,2007,Utah Jazz,UTA,Jazz
Phoenix Suns,2007-08,82,55,27,3956,112,107,5,64.5,1.85,19.7,25.3,67.4,48.1,14.7,55.1,59,97.72,55.6,2007,Phoenix Suns,PHO,Suns
Toronto Raptors,2007-08,82,41,41,3966,108.9,105.6,3.3,62,2.04,18.7,26.9,70.9,48.9,12.7,51.1,55.1,91.35,51.9,2007,Toronto Raptors,TOR,Raptors
Los Angeles Lakers,2007-08,82,57,25,3956,111.7,104.3,7.3,61.7,1.73,18.1,29.7,70.2,50.7,14.5,52.5,57,96.7,55.1,2007,Los Angeles Lakers,LAL,Lakers
Los Angeles Clippers,2007-08,82,23,59,3961,99.9,107.4,-7.5,61.4,1.47,16.7,26.7,70.3,48.4,15.3,46.5,51.9,93.38,46.1,2007,Los Angeles Clippers,LAC,Clippers
Boston Celtics,2007-08,82,66,16,3951,108.8,98.1,10.8,61.4,1.47,17.6,30.6,70.7,51.8,16.4,52.2,56.9,91.88,58.1,2007,Boston Celtics,BOS,Celtics
Denver Nuggets,2007-08,82,50,32,3971,108.9,105.5,3.4,61.2,1.68,17.7,29.2,68.6,49.4,14.4,51,55.7,100.58,52.9,2007,Denver Nuggets,DEN,Nuggets
Detroit Pistons,2007-08,82,59,23,3946,109.8,101.5,8.3,61.1,1.92,17.8,32.7,70,51.3,13.1,49.5,53.9,88.54,55.2,2007,Detroit Pistons,DET,Pistons
Atlanta Hawks,2007-08,82,37,45,3971,105.5,107.3,-1.8,60.6,1.48,17,32.9,68.2,50.6,16,48.3,53.5,92.35,49.8,2007,Atlanta Hawks,ATL,Hawks
Chicago Bulls,2007-08,82,33,49,3961,102.9,106,-3.1,60.6,1.51,16.7,32.5,68.7,50,15.4,47,51.5,94.04,48,2007,Chicago Bulls,CHI,Bulls
Indiana Pacers,2007-08,82,36,46,3951,105.1,106.3,-1.2,60.1,1.51,16.9,27.8,70.1,48.7,15.2,49.8,54,98.64,48.5,2007,Indiana Pacers,IND,Pacers
Charlotte Bobcats,2007-08,82,32,50,3976,103.7,108.2,-4.5,59.1,1.45,16.6,29.4,67.4,48.3,15.7,49.2,53.2,92.75,46.9,2007,Charlotte Bobcats,CHA,Bobcats
Portland Trail Blazers,2007-08,82,41,41,3981,105.9,106.8,-0.8,59,1.64,17,30.3,68.4,49.5,14.3,48.9,53.2,89.1,49.5,2007,Portland Trail Blazers,POR,Trail Blazers
Miami Heat,2007-08,82,15,67,3966,99.4,108.8,-9.4,58.5,1.37,16.3,26.4,68.1,47,15.9,48.2,52.2,91.24,44.5,2007,Miami Heat,MIA,Heat
Houston Rockets,2007-08,82,55,27,3946,105.4,100.5,4.8,58.5,1.56,16.8,32.3,71.1,51.9,15,49.2,52.8,91.42,53.5,2007,Houston Rockets,HOU,Rockets
San Antonio Spurs,2007-08,82,56,26,3946,106,100.7,5.3,58.5,1.66,17.1,26.8,73.3,50.3,14,50.4,54.3,89.72,53.3,2007,San Antonio Spurs,SAS,Spurs
Milwaukee Bucks,2007-08,82,26,56,3971,103.9,111.1,-7.2,58.2,1.45,16.5,33.2,69.4,50.6,15.8,48.2,52.2,92.61,45.2,2007,Milwaukee Bucks,MIL,Bucks
Dallas Mavericks,2007-08,82,51,31,3946,109.5,104.7,4.8,56.9,1.66,16.7,30,71.6,51.4,13.8,50.2,55.4,91.38,53.6,2007,Dallas Mavericks,DAL,Mavericks
New Orleans Hornets,2007-08,82,56,26,3961,110,104.4,5.6,56.4,1.83,17.2,30,71.7,50.6,13,51.2,54.8,91.04,52.6,2007,New Orleans Hornets,NOH,Hornets
Seattle SuperSonics,2007-08,82,20,62,3966,99.6,108.3,-8.6,55.9,1.33,15.9,30.5,70,50.2,16.3,46.7,50.9,97.32,45,2007,Seattle SuperSonics,SEA,SuperSonics
Cleveland Cavaliers,2007-08,82,45,37,3971,104.8,105.4,-0.6,55.8,1.43,15.7,33.4,71.5,51.8,15.2,48,52,91.06,49,2007,Cleveland Cavaliers,CLE,Cavaliers
Orlando Magic,2007-08,82,52,30,3956,110.4,104.9,5.6,55.8,1.45,16.4,27.4,70.9,50.1,15.1,53.7,57.5,94.02,52.9,2007,Orlando Magic,ORL,Magic
Philadelphia 76ers,2007-08,82,40,42,3951,105.1,104.7,0.5,54.7,1.43,15.9,35.1,68.8,51.5,15.6,48.2,52.2,91.56,50,2007,Philadelphia 76ers,PHI,76ers
Golden State Warriors,2007-08,82,48,34,3956,110.4,108.5,1.9,53.9,1.69,16.3,30.1,67.2,48.1,13.1,51.1,54.8,99.96,49.6,2007,Golden State Warriors,GSW,Warriors
Washington Wizards,2007-08,82,43,39,3981,107.6,107.9,-0.3,53.8,1.49,15.6,32,69.5,50.3,14.4,48.9,53.5,90.85,48.8,2007,Washington Wizards,WAS,Wizards
Minnesota Timberwolves,2007-08,82,22,60,3946,102.7,110,-7.3,53,1.37,15.6,31.4,70.3,50.1,15.6,48.4,51.8,92.84,43.5,2007,Minnesota Timberwolves,MIN,Timberwolves
New York Knicks,2007-08,82,23,59,3976,103.5,110.4,-6.8,51.6,1.29,14.7,32.1,69.7,50.2,15.5,47.5,51.8,92.76,44,2007,New York Knicks,NYK,NY Knicks
Sacramento Kings,2007-08,82,38,44,3966,106.2,108.6,-2.4,51.5,1.19,14.9,29,68.9,49.3,16.6,50.3,55.6,95.81,48.3,2007,Sacramento Kings,SAC,Kings
Memphis Grizzlies,2007-08,82,22,60,3961,103.9,110.2,-6.3,51.4,1.26,14.9,27.7,70.6,48.9,15.7,50,53.9,96.33,45.1,2007,Memphis Grizzlies,MEM,Grizzlies
Utah Jazz,2008-09,82,48,34,3976,108.5,105.8,2.7,64.4,1.67,18.4,31.6,69.3,50.5,15.5,50.4,55.4,94.47,53.5,2008,Utah Jazz,UTA,Jazz
Charlotte Bobcats,2008-09,82,35,47,3986,103.7,105,-1.3,60.7,1.36,17,32.1,68.6,50.4,17.3,49.4,53.6,89.18,49.5,2008,Charlotte Bobcats,CHA,Bobcats
Boston Celtics,2008-09,82,62,20,3976,109.5,101.6,7.9,60.6,1.45,17.8,31.4,71.5,52.4,16.9,52.8,57.1,91.15,56.2,2008,Boston Celtics,BOS,Celtics
Toronto Raptors,2008-09,82,33,49,3961,105.5,108.6,-3,60.1,1.67,17.5,27.6,70.6,49.3,14.3,49.4,54.2,93.26,49.2,2008,Toronto Raptors,TOR,Raptors
Milwaukee Bucks,2008-09,82,34,48,3956,105.2,106.3,-1.1,59.9,1.56,16.8,31,69.9,49.6,14.9,48.3,53.1,93.89,48.5,2008,Milwaukee Bucks,MIL,Bucks
Denver Nuggets,2008-09,82,54,28,3946,109,105.6,3.4,59.5,1.45,16.9,31.1,68.3,50.3,16,51.2,56.3,95.39,52.9,2008,Denver Nuggets,DEN,Nuggets
Los Angeles Clippers,2008-09,82,19,63,3976,101,110.1,-9.2,58.3,1.41,16.4,28.7,67.9,47.9,15.8,48.1,52,93.3,44.1,2008,Los Angeles Clippers,LAC,Clippers
Los Angeles Lakers,2008-09,82,65,17,3956,111.4,103.5,7.9,57.7,1.73,17.3,32.6,69.8,51.4,14,51.3,55.5,95.49,54.7,2008,Los Angeles Lakers,LAL,Lakers
San Antonio Spurs,2008-09,82,54,28,3981,107.6,103.4,4.2,57.1,1.8,17.3,25.8,74,50.2,13,51.3,54.8,89.19,52.3,2008,San Antonio Spurs,SAS,Spurs
Dallas Mavericks,2008-09,82,50,32,3961,109,107,2,56.9,1.71,17,29.7,70.7,50.4,13.6,50.4,55,92.68,52.2,2008,Dallas Mavericks,DAL,Mavericks
Detroit Pistons,2008-09,82,39,43,3981,105.8,106.4,-0.6,56.7,1.74,16.7,31.1,71.1,50.8,13.3,48.3,52.4,88.02,49.6,2008,Detroit Pistons,DET,Pistons
Phoenix Suns,2008-09,82,46,36,3951,112.4,110.4,2,56.5,1.48,17.4,30.8,68.2,50.3,16.1,54.5,58.4,96.99,52.5,2008,Phoenix Suns,PHO,Suns
Houston Rockets,2008-09,82,53,29,3961,107.1,102.9,4.2,56.2,1.44,16.2,30.8,71.4,51.7,15.4,50.1,54.8,91.23,53,2008,Houston Rockets,HOU,Rockets
Minnesota Timberwolves,2008-09,82,24,58,3961,104.9,109.9,-5,56.1,1.44,15.9,32.1,71.7,51.1,15.2,48.1,52.6,92.76,45.3,2008,Minnesota Timberwolves,MIN,Timberwolves
Atlanta Hawks,2008-09,82,47,35,3941,108.3,106.7,1.7,56.1,1.58,16.4,29.5,68.2,49,14.1,50.4,54.6,90.44,50.7,2008,Atlanta Hawks,ATL,Hawks
New Jersey Nets,2008-09,82,34,48,3966,106.8,109.5,-2.7,55.9,1.52,16,28.8,70.3,49.3,14.3,49.7,54.3,91.12,47.4,2008,New Jersey Nets,NJN,Nets
Oklahoma City Thunder,2008-09,82,23,59,3961,101.4,107.6,-6.2,55.5,1.25,15.6,30.9,71.6,50.8,17,47.1,52.1,95.1,46.4,2008,Oklahoma City Thunder,OKC,Thunder
Chicago Bulls,2008-09,82,41,41,3986,107.2,107.5,-0.3,55.4,1.45,16.1,32.1,67.5,49.8,15.3,49.3,54.1,94.1,49.9,2008,Chicago Bulls,CHI,Bulls
New Orleans Hornets,2008-09,82,49,33,3951,107.6,105.8,1.8,55.3,1.56,16.3,28.2,70.7,49.6,14.1,50.1,54.8,88.74,51.5,2008,New Orleans Hornets,NOH,Hornets
Portland Trail Blazers,2008-09,82,54,28,3966,112.1,106.1,6,55.2,1.58,16.4,35.5,70.8,52.8,14.5,51.1,55.3,88.02,53.1,2008,Portland Trail Blazers,POR,Trail Blazers
Indiana Pacers,2008-09,82,36,46,3966,107.2,108.2,-1,55.1,1.49,16.3,29.1,70.7,49.8,14.8,50.1,54.5,97.34,48.9,2008,Indiana Pacers,IND,Pacers
Miami Heat,2008-09,82,43,39,3991,106.8,106.5,0.3,55.1,1.63,16.3,28.2,69.3,48.4,13.6,50,54,90.8,50.5,2008,Miami Heat,MIA,Heat
New York Knicks,2008-09,82,32,50,3961,107,109.4,-2.5,55.1,1.48,16,27.7,69.6,48,14.6,50.3,54.4,97.82,46.7,2008,New York Knicks,NYK,NY Knicks
Cleveland Cavaliers,2008-09,82,66,16,3956,111.2,101.6,9.6,55,1.59,16.4,30.6,70.7,51.2,14.1,51.9,56,89.61,55.9,2008,Cleveland Cavaliers,CLE,Cavaliers
Philadelphia 76ers,2008-09,82,41,41,3951,106.3,106.1,0.2,55,1.42,15.8,34.2,68,50.8,15.4,48.5,53.2,91.3,50.3,2008,Philadelphia 76ers,PHI,76ers
Washington Wizards,2008-09,82,19,63,3941,104,112.1,-8.1,54.8,1.43,15.8,31.3,68.9,49.5,15.1,48,52.4,92.26,44.8,2008,Washington Wizards,WAS,Wizards
Orlando Magic,2008-09,82,59,23,3946,108.3,101.3,7.1,54.4,1.39,15.6,27.3,71.7,50.2,14.9,52,55.9,92.99,54.5,2008,Orlando Magic,ORL,Magic
Sacramento Kings,2008-09,82,17,65,3981,104.4,113.4,-9,54.1,1.28,15.3,28.9,66.9,47.7,16,49.1,54.2,95.29,44,2008,Sacramento Kings,SAC,Kings
Golden State Warriors,2008-09,82,29,53,3976,108,111.7,-3.7,53,1.42,15.4,29.3,65.2,47.3,14.6,49.7,54.9,99.57,47.8,2008,Golden State Warriors,GSW,Warriors
Memphis Grizzlies,2008-09,82,24,58,3961,102.3,108.2,-6,49.7,1.14,14.2,29.7,69.7,49.5,16.6,48.6,53.3,91.22,45.7,2008,Memphis Grizzlies,MEM,Grizzlies
Utah Jazz,2009-10,82,53,29,3951,109.7,104,5.7,67.8,1.76,19.8,31.3,71.8,52,16,52.4,56.5,94.68,55,2009,Utah Jazz,UTA,Jazz
Boston Celtics,2009-10,82,50,32,3956,106.9,103.2,3.7,63.5,1.58,18.5,27.4,69.7,49.3,16,52.2,56.4,92.22,54,2009,Boston Celtics,BOS,Celtics
Dallas Mavericks,2009-10,82,55,27,3976,107.8,105,2.8,61.1,1.81,18,27.9,69.7,49.3,13.7,50.6,55.2,93.6,53.4,2009,Dallas Mavericks,DAL,Mavericks
Los Angeles Clippers,2009-10,82,29,53,3941,102.3,109.1,-6.8,60.3,1.41,17.1,30.5,69.7,50,16.8,49.1,52.9,93.44,46.5,2009,Los Angeles Clippers,LAC,Clippers
Cleveland Cavaliers,2009-10,82,61,21,3956,110.6,103.8,6.8,59.2,1.61,17.7,29.3,72.5,51.9,15,53.2,57,91.77,55.2,2009,Cleveland Cavaliers,CLE,Cavaliers
San Antonio Spurs,2009-10,82,50,32,3956,109.3,103.9,5.4,58.1,1.64,17.4,30.3,72,51.5,14.7,51.5,55.2,92.26,53.2,2009,San Antonio Spurs,SAS,Spurs
Charlotte Bobcats,2009-10,82,44,38,3976,103.9,102,1.9,58,1.29,16.1,31.5,69.8,51,17.2,49,53.8,90.91,51.8,2009,Charlotte Bobcats,CHA,Bobcats
Houston Rockets,2009-10,82,42,40,3981,106.8,106.8,0,57.9,1.51,16.5,30.9,69.9,49.8,15.1,49.4,53.7,94.91,48.9,2009,Houston Rockets,HOU,Rockets
New Orleans Hornets,2009-10,82,37,45,3966,106.5,108.9,-2.4,57.5,1.66,17.3,28.2,69.6,48.6,14.3,50.6,54.3,93.53,48.4,2009,New Orleans Hornets,NOH,Hornets
Indiana Pacers,2009-10,82,32,50,3941,103,106,-3,57.3,1.4,16.1,25.5,69,47.3,15.4,49.1,53.6,97.77,47.6,2009,Indiana Pacers,IND,Pacers
Phoenix Suns,2009-10,82,54,28,3946,113.9,109.1,4.8,57.3,1.58,17.5,31.1,67.3,50.3,15.2,54.6,58.5,96.43,53.6,2009,Phoenix Suns,PHO,Suns
Milwaukee Bucks,2009-10,82,46,36,3996,104,101.9,2.1,57,1.6,16.4,29.8,72.6,50.1,14.1,48.2,51.8,92.6,49.5,2009,Milwaukee Bucks,MIL,Bucks
New York Knicks,2009-10,82,29,53,3976,106.4,110.3,-4,56.7,1.54,16.6,26.8,69.1,47.6,14.6,50.9,54.7,95.03,47.4,2009,New York Knicks,NYK,NY Knicks
Toronto Raptors,2009-10,82,40,42,3956,110.2,112.2,-2,56.4,1.64,17.1,28.8,69.2,49.5,14.2,52.1,56.4,93.94,48.9,2009,Toronto Raptors,TOR,Raptors
Portland Trail Blazers,2009-10,82,50,32,3971,109.6,106.1,3.5,56.3,1.65,16.6,32,70.2,51,13.8,49.9,54.7,88.64,52.5,2009,Portland Trail Blazers,POR,Trail Blazers
Atlanta Hawks,2009-10,82,53,29,3971,111,106,4.9,56.2,1.83,17.1,32,68.5,50.2,13,50.6,54.5,90.77,52.3,2009,Atlanta Hawks,ATL,Hawks
Philadelphia 76ers,2009-10,82,27,55,3961,104.8,108.9,-4.1,55.8,1.45,16.4,31,69.3,49.8,15.6,49.6,53.4,92.72,47.8,2009,Philadelphia 76ers,PHI,76ers
Chicago Bulls,2009-10,82,41,41,3981,102.6,104.2,-1.6,55.3,1.45,16,30.3,70.9,50.9,15.1,47.7,52,94.02,50,2009,Chicago Bulls,CHI,Bulls
Golden State Warriors,2009-10,82,26,56,3946,107,110.3,-3.3,55.2,1.53,16.5,25.4,65.9,45.3,14.4,51.4,55.7,101.52,47,2009,Golden State Warriors,GSW,Warriors
Denver Nuggets,2009-10,82,53,29,3956,110.8,106.5,4.4,55,1.51,16.1,30.4,68.7,49.8,14.4,50.9,56.1,95.61,52.4,2009,Denver Nuggets,DEN,Nuggets
Los Angeles Lakers,2009-10,82,57,25,3966,107.6,102.7,4.9,55,1.58,16.2,31.4,70.8,51.2,14.1,49.6,53.8,93.73,52.9,2009,Los Angeles Lakers,LAL,Lakers
New Jersey Nets,2009-10,82,12,70,3956,99.3,108.9,-9.6,54.7,1.3,15.1,28.5,68.6,47.8,15.5,45.8,50.9,92.65,42.9,2009,New Jersey Nets,NJN,Nets
Detroit Pistons,2009-10,82,27,55,3956,104.5,110.3,-5.9,54.1,1.45,15.5,34.6,69.7,51,14.9,47.4,51.5,89.46,44.8,2009,Detroit Pistons,DET,Pistons
Orlando Magic,2009-10,82,59,23,3946,110.7,102.8,7.9,53.7,1.4,15.8,28,72.6,51.2,15.2,53.6,57.3,92.54,55.1,2009,Orlando Magic,ORL,Magic
Oklahoma City Thunder,2009-10,82,50,32,3961,107,103.5,3.5,53.5,1.34,15.5,32,69.4,51.1,15.8,49.4,54.7,94.13,53.2,2009,Oklahoma City Thunder,OKC,Thunder
Sacramento Kings,2009-10,82,25,57,3976,104.4,109.1,-4.7,53.4,1.37,15.7,31.5,70,50.4,15.6,49.1,52.8,94.78,46.7,2009,Sacramento Kings,SAC,Kings
Minnesota Timberwolves,2009-10,82,15,67,3956,100.6,110.4,-9.8,52.4,1.22,15,30.8,70.5,50.1,16.7,47.8,51.8,97.12,43.2,2009,Minnesota Timberwolves,MIN,Timberwolves
Miami Heat,2009-10,82,47,35,3976,105.7,103.4,2.4,51.9,1.43,15.4,29.4,70.1,50,14.4,49.6,53.7,90.3,52.2,2009,Miami Heat,MIA,Heat
Washington Wizards,2009-10,82,26,56,3966,103.1,108.3,-5.3,51.8,1.28,15,31.7,69.1,50.1,15.9,48.1,52.4,92.6,46.2,2009,Washington Wizards,WAS,Wizards
Memphis Grizzlies,2009-10,82,40,42,3981,107.5,109,-1.5,47.9,1.24,14.4,35.5,69.8,52.3,16,49.4,53.6,94.29,48.6,2009,Memphis Grizzlies,MEM,Grizzlies
Dallas Mavericks,2010-11,82,57,25,3941,108.4,104.1,4.4,63.7,1.71,18.7,27.8,71.3,50.4,15.1,52.5,56.5,92.24,53.8,2010,Dallas Mavericks,DAL,Mavericks
Boston Celtics,2010-11,82,56,26,3956,105.5,99.8,5.7,63.5,1.61,18.8,25.7,70.9,49.7,15.9,51.9,56.1,90.92,55.8,2010,Boston Celtics,BOS,Celtics
Utah Jazz,2010-11,82,39,43,3976,107,108.8,-1.8,62.7,1.63,18,31.4,67.9,49.6,15.4,49.8,54.4,92.03,50,2010,Utah Jazz,UTA,Jazz
Houston Rockets,2010-11,82,43,39,3976,110.2,107.9,2.3,61.7,1.76,17.8,31.5,69,50.1,14.1,50.3,55,95.14,51.5,2010,Houston Rockets,HOU,Rockets
Atlanta Hawks,2010-11,82,44,38,3946,105.1,105.8,-0.7,60.7,1.61,17.7,27.4,71,49.4,15.1,50.1,54.2,90.22,49.3,2010,Atlanta Hawks,ATL,Hawks
Phoenix Suns,2010-11,82,40,42,4001,108.6,109.4,-0.8,60.4,1.66,17.9,27.5,68.1,48,14.7,52.2,55.9,95.18,49.4,2010,Phoenix Suns,PHO,Suns
Charlotte Bobcats,2010-11,82,34,48,3961,102.8,107,-4.2,60.1,1.45,16.9,29.8,70.5,50.2,16,48.2,52.8,90.3,48,2010,Charlotte Bobcats,CHA,Bobcats
Los Angeles Clippers,2010-11,82,32,50,3971,104.8,108,-3.2,60.1,1.35,16.9,33,69.2,51.1,17.4,49.6,53.5,93.35,48.3,2010,Los Angeles Clippers,LAC,Clippers
Chicago Bulls,2010-11,82,62,20,3966,107.2,99.5,7.8,60.1,1.57,17.3,33.2,71.7,52.8,15.4,50.1,54.1,91.2,55.5,2010,Chicago Bulls,CHI,Bulls
Cleveland Cavaliers,2010-11,82,19,63,3951,101.5,110.9,-9.5,59.6,1.48,16.4,28.3,69.9,48.5,15.1,47.2,51.8,93.76,44.1,2010,Cleveland Cavaliers,CLE,Cavaliers
Philadelphia 76ers,2010-11,82,41,41,3986,105.3,103.8,1.5,59.6,1.75,17.6,27.8,71.4,49.7,13.8,49.4,53.5,92.78,51,2010,Philadelphia 76ers,PHI,76ers
New Jersey Nets,2010-11,82,24,58,4001,102.1,108.9,-6.8,59,1.5,16.6,30.4,70,49.7,15.2,47.4,51.7,90.7,45.2,2010,New Jersey Nets,NJN,Nets
Portland Trail Blazers,2010-11,82,48,34,3961,107.3,105.7,1.6,58.8,1.62,16.9,33.1,68.2,49.9,14.5,48.6,53.3,89.13,51.6,2010,Portland Trail Blazers,POR,Trail Blazers
San Antonio Spurs,2010-11,82,61,21,3956,110.5,104.4,6.1,58.3,1.67,17.5,27.6,71.1,50,14.3,52.7,56.7,93.34,53.8,2010,San Antonio Spurs,SAS,Spurs
Denver Nuggets,2010-11,82,50,32,3941,111.7,106.8,4.9,57.6,1.57,17,28.3,71.6,50.6,14.7,52.6,57.4,96.06,52.4,2010,Denver Nuggets,DEN,Nuggets
Los Angeles Lakers,2010-11,82,57,25,3966,109.6,103.3,6.3,57.6,1.68,17,32.5,69.2,51.3,14.1,50.2,54.5,91.78,54.1,2010,Los Angeles Lakers,LAL,Lakers
New Orleans Hornets,2010-11,82,46,36,3966,105.4,104.4,1,57.4,1.58,16.8,28.9,72.1,50.3,14.5,49.3,53.7,89.4,50.7,2010,New Orleans Hornets,NOH,Hornets
Toronto Raptors,2010-11,82,22,60,3956,105.2,111.7,-6.5,57.1,1.49,16.8,31.4,68.5,49.5,15.6,49.1,53.3,93.78,45.9,2010,Toronto Raptors,TOR,Raptors
Golden State Warriors,2010-11,82,36,46,3966,107.1,109.4,-2.3,56.8,1.54,17,30,65.9,47.6,15.1,51,54.4,95.85,47.2,2010,Golden State Warriors,GSW,Warriors
Detroit Pistons,2010-11,82,30,52,3976,107,110.7,-3.7,56.6,1.62,16.8,31.7,68.1,49.1,14.4,49.5,53.3,89.79,46.4,2010,Detroit Pistons,DET,Pistons
New York Knicks,2010-11,82,42,40,3956,109.9,109,1,56,1.56,16.4,27.3,67.6,47.3,14.1,51.3,56.1,96.47,50.4,2010,New York Knicks,NYK,NY Knicks
Orlando Magic,2010-11,82,52,30,3966,107.4,101.8,5.6,55.3,1.34,15.9,30.4,72.3,51.8,16.2,52.1,55.4,91.55,53.4,2010,Orlando Magic,ORL,Magic
Milwaukee Bucks,2010-11,82,35,47,3966,100.8,101.5,-0.8,54.9,1.4,15.3,28.7,71,49.2,14.8,46.7,51.1,90.57,48.8,2010,Milwaukee Bucks,MIL,Bucks
Oklahoma City Thunder,2010-11,82,55,27,4001,109.9,105.9,3.9,54.5,1.45,15.8,30.6,69.7,50.7,14.8,50.1,56.1,93.84,52.9,2010,Oklahoma City Thunder,OKC,Thunder
Miami Heat,2010-11,82,58,24,3956,110.6,102.9,7.8,54.1,1.44,16.1,28.7,71.5,51.4,15.1,52.4,57.3,91.63,55.6,2010,Miami Heat,MIA,Heat
Indiana Pacers,2010-11,82,37,45,3956,104.1,105,-0.9,53.6,1.28,15.2,29.7,70.3,50.1,16,48.6,53.3,95.5,49.2,2010,Indiana Pacers,IND,Pacers
Sacramento Kings,2010-11,82,24,58,3971,102.9,108.4,-5.5,53.4,1.27,15.4,33.4,70.2,51.2,16.7,48,51.9,95.76,46.2,2010,Sacramento Kings,SAC,Kings
Minnesota Timberwolves,2010-11,82,17,65,3956,103.2,109.9,-6.7,53.4,1.18,15,33.6,69.8,51.2,17.4,48.3,52.6,97.49,44.3,2010,Minnesota Timberwolves,MIN,Timberwolves
Memphis Grizzlies,2010-11,82,46,36,3976,107,104.5,2.5,52.8,1.48,16,33.3,68.2,50.5,15,49.3,53.4,92.42,51.8,2010,Memphis Grizzlies,MEM,Grizzlies
Washington Wizards,2010-11,82,23,59,3986,101.3,109.1,-7.8,52.2,1.27,14.9,31.7,67.1,48.8,16,47.1,51.3,94.76,44.5,2010,Washington Wizards,WAS,Wizards
Boston Celtics,2011-12,66,39,27,3188,100.1,97.5,2.6,66.5,1.59,18.8,24.5,68.6,47.8,16.2,49.6,53.5,91.11,53.5,2011,Boston Celtics,BOS,Celtics
Milwaukee Bucks,2011-12,66,31,35,3173,104.5,104.1,0.4,62,1.67,17.6,31.4,67.5,49,14.8,48.1,52.1,94.68,50.3,2011,Milwaukee Bucks,MIL,Bucks
Chicago Bulls,2011-12,66,50,16,3188,106.3,97.5,8.8,61.9,1.65,17.7,36.1,70.3,53.6,15.4,49,52.3,89.98,56.1,2011,Chicago Bulls,CHI,Bulls
Denver Nuggets,2011-12,66,38,28,3208,108.3,105.1,3.2,61.5,1.56,17.9,31.6,70.5,51.5,16,51.6,55.6,95.03,52.7,2011,Denver Nuggets,DEN,Nuggets
Los Angeles Lakers,2011-12,66,41,25,3213,104.5,103.2,1.3,61.1,1.49,17.3,32.7,71.9,53.2,16.2,49.1,53.4,91.72,52.4,2011,Los Angeles Lakers,LAL,Lakers
Atlanta Hawks,2011-12,66,40,26,3233,104.2,100.4,3.8,61,1.61,17.6,27.9,70.3,49.3,15.1,50,53.5,90.88,52.6,2011,Atlanta Hawks,ATL,Hawks
Toronto Raptors,2011-12,66,23,43,3193,99.6,103.6,-3.9,60.9,1.38,16.8,29.4,70.8,50.3,16.7,47.5,51.8,90.19,47.8,2011,Toronto Raptors,TOR,Raptors
Charlotte Bobcats,2011-12,66,7,59,3178,94.4,109.4,-15,60.5,1.39,16,28.5,67.8,47.4,15.7,43.9,48.3,91.86,41.1,2011,Charlotte Bobcats,CHA,Bobcats
Phoenix Suns,2011-12,66,33,33,3168,105.2,105.2,-0.1,59.6,1.6,17.4,29.4,68.7,49.3,15,49.9,53.6,93.61,50.2,2011,Phoenix Suns,PHO,Suns
New Orleans Hornets,2011-12,66,21,45,3188,99.9,103.9,-4,59.5,1.34,16.8,31,69.6,50.6,17.3,47.6,51.7,89.27,48.2,2011,New Orleans Hornets,NOH,Hornets
Golden State Warriors,2011-12,66,23,43,3183,103.9,107.3,-3.4,59.1,1.61,17.4,25.6,65.8,46,14.7,50.5,53.9,93.78,47.2,2011,Golden State Warriors,GSW,Warriors
Philadelphia 76ers,2011-12,66,35,31,3183,102.7,98.2,4.6,58.8,1.97,17.5,27.7,71.2,49.5,12.3,48,51.1,90.68,53.2,2011,Philadelphia 76ers,PHI,76ers
San Antonio Spurs,2011-12,66,50,16,3188,110,102.3,7.7,58.5,1.71,17.8,28.2,72,50.7,14.4,52.8,56.2,93.67,54.6,2011,San Antonio Spurs,SAS,Spurs
Orlando Magic,2011-12,66,37,29,3193,104,103.4,0.6,58.1,1.34,16.1,30.6,72,51,16.5,50.6,53.3,89.75,49.3,2011,Orlando Magic,ORL,Magic
New Jersey Nets,2011-12,66,22,44,3178,101.8,108.1,-6.3,58,1.32,15.8,31.4,67.7,48.9,16.5,47.3,51.6,91.26,44.8,2011,New Jersey Nets,NJN,Nets
Cleveland Cavaliers,2011-12,66,21,45,3193,100,107.6,-7.6,57.9,1.29,15.4,32.3,68.3,49.6,16.6,46.3,50.5,92.34,43.9,2011,Cleveland Cavaliers,CLE,Cavaliers
Dallas Mavericks,2011-12,66,36,30,3213,102.1,100.9,1.1,57.5,1.49,16.5,26.8,71.4,49.3,14.9,48.9,52.7,92.61,51,2011,Dallas Mavericks,DAL,Mavericks
Utah Jazz,2011-12,66,36,30,3233,105.5,104.9,0.5,57,1.54,16.6,34,70.3,51.9,15,48.1,52.5,92.53,50.9,2011,Utah Jazz,UTA,Jazz
Los Angeles Clippers,2011-12,66,40,26,3193,107.5,104.8,2.7,56.8,1.58,16.6,33.1,69.2,50.7,14.7,50.2,53.3,89.98,51.7,2011,Los Angeles Clippers,LAC,Clippers
Houston Rockets,2011-12,66,34,32,3213,104.2,104,0.2,56.4,1.47,16.4,30.9,69.2,49.9,15.4,49.2,52.9,92.82,49.7,2011,Houston Rockets,HOU,Rockets
Portland Trail Blazers,2011-12,66,28,38,3193,104.4,105.3,-0.9,56.2,1.44,16.1,30.3,69.1,49.3,15.2,48.8,53.1,92.24,49.4,2011,Portland Trail Blazers,POR,Trail Blazers
New York Knicks,2011-12,66,36,30,3188,103.5,100.2,3.2,56.2,1.26,15.6,30.9,70.2,50.3,16.9,49.2,53.3,93.91,52,2011,New York Knicks,NYK,NY Knicks
Minnesota Timberwolves,2011-12,66,26,40,3188,103.1,105.3,-2.2,54.8,1.29,15.1,31.1,69.3,50.2,16,47.7,52.4,94.44,48.3,2011,Minnesota Timberwolves,MIN,Timberwolves
Miami Heat,2011-12,66,46,20,3208,105.6,99.2,6.4,53.8,1.31,15.9,29.9,69.3,50.4,16.3,50.5,54.9,92.07,55.3,2011,Miami Heat,MIA,Heat
Detroit Pistons,2011-12,66,25,41,3193,100,105,-5,53.8,1.19,15.1,32.2,68.9,50,17.2,46.8,51,90.31,44.8,2011,Detroit Pistons,DET,Pistons
Memphis Grizzlies,2011-12,66,41,25,3188,102.8,100.6,2.2,53.2,1.35,15.4,33.5,68.8,50.8,15.7,47.3,51.5,91.82,51.4,2011,Memphis Grizzlies,MEM,Grizzlies
Washington Wizards,2011-12,66,20,46,3173,100,104.9,-5,52.3,1.25,15.1,30.8,67.8,48.9,16.3,47.2,50.8,93.59,46,2011,Washington Wizards,WAS,Wizards
Indiana Pacers,2011-12,66,42,24,3198,105.5,102.1,3.3,52.2,1.33,14.7,33.3,68.9,51.1,15.1,47.4,52.6,91.68,52.1,2011,Indiana Pacers,IND,Pacers
Sacramento Kings,2011-12,66,22,44,3183,102.9,108.7,-5.8,51,1.34,14.7,32.1,67,48.7,15,47.2,51,95.56,45.1,2011,Sacramento Kings,SAC,Kings
Oklahoma City Thunder,2011-12,66,47,19,3198,108.4,102.1,6.3,49.7,1.13,14.6,30.4,68.7,50.9,17.2,51.6,56.7,94.11,54.2,2011,Oklahoma City Thunder,OKC,Thunder
Atlanta Hawks,2012-13,82,44,38,3971,103.7,103.4,0.3,65.1,1.65,18.8,25.4,70.1,48.2,15.7,51.7,54.6,93.56,50.9,2012,Atlanta Hawks,ATL,Hawks
Chicago Bulls,2012-13,82,45,37,3966,102.4,101.9,0.5,64.5,1.61,17.8,33.2,69.9,51.4,15.7,47,51.2,90.35,51.4,2012,Chicago Bulls,CHI,Bulls
San Antonio Spurs,2012-13,82,58,24,3976,107,100.3,6.7,64.1,1.71,19.1,24.3,71.5,49.3,15.3,53.1,56.8,95.31,55.1,2012,San Antonio Spurs,SAS,Spurs
Minnesota Timberwolves,2012-13,82,31,51,3946,101.8,104,-2.2,62.4,1.51,17.1,31.2,70.2,50,15.7,47.3,51.6,93.94,49.4,2012,Minnesota Timberwolves,MIN,Timberwolves
Los Angeles Clippers,2012-13,82,56,26,3946,109.8,102.8,6.9,62,1.64,18.4,32.3,69.7,51.2,15.9,52.6,55.7,91.83,54.8,2012,Los Angeles Clippers,LAC,Clippers
Boston Celtics,2012-13,81,41,40,3968,102.2,102.6,-0.5,61.4,1.56,17.9,24.6,69,47.7,15.4,50.3,54.2,92.46,50.7,2012,Boston Celtics,BOS,Celtics
Philadelphia 76ers,2012-13,82,34,48,3951,101,104.7,-3.7,61,1.74,17.7,29.1,69.5,48.9,14.1,48.1,50.9,91.88,47.4,2012,Philadelphia 76ers,PHI,76ers
Utah Jazz,2012-13,82,43,39,3976,105.4,105.6,-0.2,61,1.54,17.4,32.9,69.7,51,15.9,49.2,53.3,92.05,50.4,2012,Utah Jazz,UTA,Jazz
Washington Wizards,2012-13,82,29,53,3971,99.3,101.6,-2.3,61,1.43,16.9,27.9,70.6,49.1,16.1,47.5,51.2,93.23,48.1,2012,Washington Wizards,WAS,Wizards
Houston Rockets,2012-13,82,45,37,3956,108.8,105.3,3.5,60.9,1.41,17.3,30.5,71,50.9,16.9,52.5,56.4,96.89,51,2012,Houston Rockets,HOU,Rockets
Phoenix Suns,2012-13,82,25,57,3961,100.2,106.9,-6.7,60.6,1.45,17.1,30.8,68.7,49.1,16.4,47.7,51.2,94.48,45.8,2012,Phoenix Suns,PHO,Suns
Orlando Magic,2012-13,82,20,62,3956,100.9,108.4,-7.4,60.5,1.57,17.6,29.3,70.7,49.8,15.6,48.5,51.4,92.81,45.9,2012,Orlando Magic,ORL,Magic
Miami Heat,2012-13,82,66,16,3976,111.4,103.2,8.2,60,1.65,18.4,26.4,67.8,48.5,15.1,55.2,58.8,91.26,56.4,2012,Miami Heat,MIA,Heat
Milwaukee Bucks,2012-13,82,38,44,3966,102.5,104.2,-1.7,60,1.62,17,31.5,67.8,49.1,14.6,47.6,51,95.65,48.8,2012,Milwaukee Bucks,MIL,Bucks
Denver Nuggets,2012-13,82,57,25,3981,109.3,104.2,5.1,60,1.6,17.8,34.5,67.5,51.3,15.7,51.5,54.9,95.92,53.8,2012,Denver Nuggets,DEN,Nuggets
Dallas Mavericks,2012-13,82,41,41,3996,104.7,105.4,-0.6,59.9,1.67,17.7,25.9,69.8,48.4,14.4,50.6,54.4,95.09,50.2,2012,Dallas Mavericks,DAL,Mavericks
Los Angeles Lakers,2012-13,82,45,37,3951,107,105.9,1.1,59.8,1.48,16.8,30.9,70.2,51,15.7,51.2,54.8,95.08,51.3,2012,Los Angeles Lakers,LAL,Lakers
Portland Trail Blazers,2012-13,82,33,49,3971,104.5,107.9,-3.4,59.3,1.48,17,29.4,70.2,49.5,15.7,49.8,53.6,92.46,46.8,2012,Portland Trail Blazers,POR,Trail Blazers
Toronto Raptors,2012-13,82,34,48,3996,105,106.4,-1.4,59.2,1.57,16.9,29.6,68.8,49,14.8,48.8,53.2,91.26,48.4,2012,Toronto Raptors,TOR,Raptors
Golden State Warriors,2012-13,82,47,35,3961,105.1,104.2,0.9,58.9,1.49,17.1,28.5,71.2,50.6,15.7,50.6,54.5,95.64,50.2,2012,Golden State Warriors,GSW,Warriors
Detroit Pistons,2012-13,82,29,53,3961,102.7,107.2,-4.5,58.5,1.4,16.6,32.4,69.5,50.6,16.4,48.7,52.1,91.68,46.7,2012,Detroit Pistons,DET,Pistons
New Orleans Hornets,2012-13,82,27,55,3956,104.5,108.9,-4.4,58.2,1.44,16.7,33.2,70.5,51.4,16.2,48.9,52.8,89.5,46.4,2012,New Orleans Hornets,NOH,Hornets
Memphis Grizzlies,2012-13,82,56,26,3961,103.6,99.1,4.5,57.9,1.5,16.5,34.4,70.2,52,15.5,47.2,51.4,89.56,53.1,2012,Memphis Grizzlies,MEM,Grizzlies
Indiana Pacers,2012-13,81,49,32,3918,103.4,99,4.4,57.8,1.34,16,33.6,70.1,52.2,16.5,47.9,52.1,90.9,53.7,2012,Indiana Pacers,IND,Pacers
Brooklyn Nets,2012-13,82,49,33,3971,106.9,104.8,2,56.7,1.38,16.1,34.3,70.1,52,16.2,49.8,53.6,89.88,50.9,2012,Brooklyn Nets,BRK,Nets
Cleveland Cavaliers,2012-13,82,24,58,3946,103.2,108.2,-5,56.6,1.47,15.9,32.6,69.5,50,15,47.3,51.4,93.25,45,2012,Cleveland Cavaliers,CLE,Cavaliers
Charlotte Bobcats,2012-13,82,21,61,3961,100.4,110.3,-9.9,56.2,1.38,15.3,30.5,67.9,48.6,15.1,46,50.7,92.49,43.8,2012,Charlotte Bobcats,CHA,Bobcats
Oklahoma City Thunder,2012-13,82,60,22,3966,111,101.2,9.9,56.1,1.4,16.6,29.1,70.2,51.3,16,52.7,58,94.58,57,2012,Oklahoma City Thunder,OKC,Thunder
Sacramento Kings,2012-13,82,28,54,3966,105.3,110,-4.7,55.3,1.42,16,30.6,67.3,48.5,15.4,49.1,53.2,94.65,45.4,2012,Sacramento Kings,SAC,Kings
New York Knicks,2012-13,82,54,28,3946,109.8,105.4,4.5,52.7,1.6,15.6,29.1,70.8,49.4,13.2,51.5,55,90.68,51.2,2012,New York Knicks,NYK,NY Knicks
Atlanta Hawks,2013-14,82,38,44,3966,104.9,105.7,-0.7,66.7,1.63,18.8,25.6,71.1,48.5,15.9,51.5,55.4,95.41,50.2,2013,Atlanta Hawks,ATL,Hawks
Chicago Bulls,2013-14,82,48,34,3986,101.7,99.9,1.9,65.4,1.52,17.6,32.1,71.3,51.8,16.2,47.1,51.8,90.84,52.8,2013,Chicago Bulls,CHI,Bulls
Los Angeles Lakers,2013-14,82,27,55,3941,103.2,109.3,-6,63.9,1.62,18.1,23.5,67.6,45.9,15.2,50.5,54.2,99.72,46,2013,Los Angeles Lakers,LAL,Lakers
Los Angeles Clippers,2013-14,82,57,25,3951,111.3,104,7.3,62.8,1.77,18.3,28.8,69,49.6,14.3,52.6,56.7,96.66,54.8,2013,Los Angeles Clippers,LAC,Clippers
San Antonio Spurs,2013-14,82,62,20,3951,109.5,101.4,8.1,62.1,1.75,19,26.1,72.5,50.3,15,53.7,57.1,95.87,55.5,2013,San Antonio Spurs,SAS,Spurs
Minnesota Timberwolves,2013-14,82,40,42,3971,107.7,105.2,2.6,61.6,1.72,17.3,31.7,71.5,50.8,14,48.6,53.5,98.33,51.9,2013,Minnesota Timberwolves,MIN,Timberwolves
Washington Wizards,2013-14,82,44,38,4011,104.9,103.6,1.3,60.1,1.59,17.6,28.6,71.9,49.8,15.3,50.6,53.8,94.18,50.4,2013,Washington Wizards,WAS,Wizards
Charlotte Bobcats,2013-14,82,43,39,3981,103,103.3,-0.4,59.7,1.76,16.9,26.9,73,50,13.1,48.1,52.2,92.93,50.8,2013,Charlotte Bobcats,CHA,Bobcats
Milwaukee Bucks,2013-14,82,15,67,3976,101.9,110.2,-8.3,59.6,1.42,16.5,31,67.8,49,16.1,47.9,51.9,92.96,44.9,2013,Milwaukee Bucks,MIL,Bucks
Dallas Mavericks,2013-14,82,49,33,3966,109.5,107.2,2.3,59.6,1.74,18,27.6,69.4,48.7,14.1,52.6,56.4,94.94,52.1,2013,Dallas Mavericks,DAL,Mavericks
Portland Trail Blazers,2013-14,82,54,28,3971,110.4,106.2,4.2,59.4,1.69,17.2,32,71.3,51.7,14.2,50.4,54.8,95.9,52.4,2013,Portland Trail Blazers,POR,Trail Blazers
Golden State Warriors,2013-14,82,51,31,3966,106.3,101.4,4.9,59.1,1.53,17.4,28.4,72.4,50.8,15.5,51.7,55,97.37,52.8,2013,Golden State Warriors,GSW,Warriors
Miami Heat,2013-14,82,54,28,3976,110,105,5.1,58.8,1.52,18.1,24.4,68.6,47.6,15.9,55.4,59,91.9,53.9,2013,Miami Heat,MIA,Heat
Brooklyn Nets,2013-14,82,44,38,3976,105.4,106.7,-1.3,58.5,1.44,16.7,26,68.6,47.5,15.5,51.4,55.5,92.42,49.2,2013,Brooklyn Nets,BRK,Nets
Denver Nuggets,2013-14,82,36,46,3951,105.1,107.3,-2.2,58.4,1.41,16.4,31,70.3,50.5,16,49.7,53.6,98.95,48.1,2013,Denver Nuggets,DEN,Nuggets
Toronto Raptors,2013-14,82,48,34,3991,107.9,104.6,3.3,58.1,1.5,16.4,31.2,70.1,50.5,15.1,49.8,54.5,92.48,51.2,2013,Toronto Raptors,TOR,Raptors
Philadelphia 76ers,2013-14,82,19,63,3971,99,109,-10,57.6,1.29,16,29,68.4,47.9,16.8,47.5,51,99.74,42.6,2013,Philadelphia 76ers,PHI,76ers
Boston Celtics,2013-14,82,25,57,3946,101.9,106.5,-4.6,57.6,1.37,16.2,31.4,70.8,50.5,16.3,47.7,51.7,94.28,46.1,2013,Boston Celtics,BOS,Celtics
Memphis Grizzlies,2013-14,82,50,32,3961,105.5,103.8,1.7,57.4,1.59,17.1,32.6,71.8,52.1,15,49.4,52.9,90.58,51.8,2013,Memphis Grizzlies,MEM,Grizzlies
Cleveland Cavaliers,2013-14,82,33,49,3986,103.5,107,-3.6,57.2,1.49,16.2,31.4,71.1,50.8,14.9,47.9,51.8,93.69,46.9,2013,Cleveland Cavaliers,CLE,Cavaliers
Orlando Magic,2013-14,82,23,59,3991,101,106.6,-5.7,57.1,1.41,16.4,26.7,71.4,49,15.6,48.7,52.5,94.27,46.6,2013,Orlando Magic,ORL,Magic
Utah Jazz,2013-14,82,25,57,3956,102.4,110.1,-7.6,56.4,1.39,16.1,29.7,70.8,49.7,15.8,48.4,52.3,92.32,45.1,2013,Utah Jazz,UTA,Jazz
Houston Rockets,2013-14,82,54,28,3966,109.8,105.2,4.6,56.3,1.33,16.1,30.6,70,51.3,16.5,53.1,57.1,97.27,53.4,2013,Houston Rockets,HOU,Rockets
New Orleans Pelicans,2013-14,82,34,48,3971,106.2,109.1,-3,56.3,1.55,16.5,30.5,69.4,49.7,14.7,49.5,53.7,93.07,48.3,2013,New Orleans Pelicans,NOP,Pelicans
Oklahoma City Thunder,2013-14,82,59,23,3961,109.4,103,6.4,56.2,1.43,16.6,29.4,72.2,51.8,15.8,52,56.6,96.33,54.3,2013,Oklahoma City Thunder,OKC,Thunder
Indiana Pacers,2013-14,82,56,26,3956,103.6,98.9,4.7,56,1.33,15.9,29.6,72.1,51.7,16.2,49,53.5,92.89,54.5,2013,Indiana Pacers,IND,Pacers
New York Knicks,2013-14,82,37,45,3971,107,108.1,-1.1,54.2,1.54,16,29.1,70.5,49.2,14.1,50.5,54.1,91.24,49,2013,New York Knicks,NYK,NY Knicks
Detroit Pistons,2013-14,82,29,53,3956,105.2,109,-3.7,53.9,1.44,15.6,34.7,69.3,51.1,15.2,48.2,51.4,95.57,46.4,2013,Detroit Pistons,DET,Pistons
Sacramento Kings,2013-14,82,28,54,3966,105.1,107.8,-2.7,51.1,1.24,14.6,31.6,72.5,51.8,15.9,48.4,53.2,95.04,47.3,2013,Sacramento Kings,SAC,Kings
Phoenix Suns,2013-14,82,48,34,3951,108.2,105.6,2.6,49.3,1.24,14.7,29.8,69.9,50,15.8,51.9,55.8,96.83,50.9,2013,Phoenix Suns,PHO,Suns
Golden State Warriors,2016-17,82,67,15,3956,114.8,103.4,11.4,70.5,2.06,21.2,27.2,70.9,50.4,14.6,56.3,59.7,100.37,57.9,2016,Golden State Warriors,GSW,Warriors
Boston Celtics,2016-17,82,53,29,3951,110.6,108,2.6,65.3,1.9,18.8,25.9,70.5,48.5,13.6,52.5,56.7,97.21,51.4,2016,Boston Celtics,BOS,Celtics
Philadelphia 76ers,2016-17,82,28,54,3966,102.7,108.2,-5.5,63.1,1.43,17.4,27.3,70.9,49,16.7,50.1,53.9,99.07,47,2016,Philadelphia 76ers,PHI,76ers
Houston Rockets,2016-17,82,55,27,3956,114.1,108.4,5.7,62.6,1.67,18.1,28.1,71.7,49.9,15,54.5,58.3,100.55,51.6,2016,Houston Rockets,HOU,Rockets
Milwaukee Bucks,2016-17,82,42,40,3956,108.5,108.7,-0.2,62.4,1.73,18.5,26,70.6,48.7,14.6,52.7,56.5,94.99,50.4,2016,Milwaukee Bucks,MIL,Bucks
Atlanta Hawks,2016-17,82,43,39,3976,104.5,105.2,-0.7,62.1,1.5,17.4,28.2,71.7,50.2,16,50.4,54.1,97.76,50.6,2016,Atlanta Hawks,ATL,Hawks
Denver Nuggets,2016-17,82,40,42,3951,112.2,111.7,0.4,61.5,1.69,18.2,31.4,75.3,53.2,15,53,56.8,99.18,50.3,2016,Denver Nuggets,DEN,Nuggets
Charlotte Hornets,2016-17,82,36,46,3966,108.4,108.4,0,61.1,2.01,17.6,24.7,74.9,49.6,11.9,50.1,54.7,95.92,50.5,2016,Charlotte Hornets,CHO,Hornets
San Antonio Spurs,2016-17,82,61,21,3961,110.3,102.9,7.4,60.6,1.77,18.1,28.2,73,51.1,14.1,52.4,56.4,94.86,55.1,2016,San Antonio Spurs,SAS,Spurs
Minnesota Timberwolves,2016-17,82,31,51,3961,110,110.9,-0.9,60,1.69,17.7,30.9,71,50.7,14.6,51.1,55.5,95.48,50.1,2016,Minnesota Timberwolves,MIN,Timberwolves
Sacramento Kings,2016-17,82,32,50,3976,106.6,110.8,-4.2,59.4,1.54,17.3,25.8,72.3,49.2,15.2,51.6,55.6,95.42,47.8,2016,Sacramento Kings,SAC,Kings
Memphis Grizzlies,2016-17,82,43,39,3981,107,106.5,0.5,58.4,1.65,16.5,29.5,73.1,50.7,13.7,49.1,53.5,92.84,50.1,2016,Memphis Grizzlies,MEM,Grizzlies
Chicago Bulls,2016-17,82,41,41,3956,106.5,106.2,0.3,58.4,1.66,16.8,31.1,73.3,51.9,14,48.7,53,96.02,50.4,2016,Chicago Bulls,CHI,Bulls
New Orleans Pelicans,2016-17,82,34,48,3981,104.7,106.8,-2.1,58.2,1.77,17.1,22.8,72.8,48,12.9,50.4,53.9,98.56,49.3,2016,New Orleans Pelicans,NOP,Pelicans
Orlando Magic,2016-17,82,29,53,3961,103.7,110.3,-6.5,58,1.67,16.8,26.7,72.6,49.1,13.7,48.9,52.4,96.9,46,2016,Orlando Magic,ORL,Magic
Washington Wizards,2016-17,82,49,33,3971,110.4,108.8,1.7,57.7,1.68,17.6,28.6,71.6,50.1,14.3,52.8,56.4,97.94,51.1,2016,Washington Wizards,WAS,Wizards
Dallas Mavericks,2016-17,82,33,49,3956,104.7,107.7,-3,57.4,1.75,16.8,21.6,73.3,46.5,12.7,50.5,54.1,93.11,47.9,2016,Dallas Mavericks,DAL,Mavericks
Indiana Pacers,2016-17,82,42,40,3971,107.9,108.1,-0.2,57.2,1.63,17.2,25.5,71.3,48.8,14.1,51.6,55.8,96.59,50.5,2016,Indiana Pacers,IND,Pacers
Los Angeles Clippers,2016-17,82,51,31,3951,111.8,107.5,4.4,57,1.74,17.2,25.6,73.3,50.1,13.3,53.7,57.4,96.77,52.7,2016,Los Angeles Clippers,LAC,Clippers
Cleveland Cavaliers,2016-17,82,51,31,3976,112.8,109.7,3.1,56.7,1.66,17.1,26.4,72.2,49.9,14,54.7,58,96.74,51,2016,Cleveland Cavaliers,CLE,Cavaliers
Brooklyn Nets,2016-17,82,20,62,3951,103.6,110.1,-6.5,56.6,1.29,15.9,24.1,71.6,48.3,16.2,50.7,55.1,101.75,46,2016,Brooklyn Nets,BRK,Nets
New York Knicks,2016-17,82,31,51,3971,107.1,110.7,-3.6,55.1,1.57,16.3,30.5,69.8,50,14.3,49.6,53.4,96.63,48.2,2016,New York Knicks,NYK,NY Knicks
Utah Jazz,2016-17,82,51,31,3951,109,104.7,4.3,54.4,1.48,16.2,27,74.3,51.4,14.8,52.6,56.3,92.09,53.4,2016,Utah Jazz,UTA,Jazz
Miami Heat,2016-17,82,41,41,3956,107.4,106.4,1,54.4,1.58,16.3,28.4,71.8,49.9,14,51.2,54.1,95.51,50,2016,Miami Heat,MIA,Heat
Portland Trail Blazers,2016-17,82,41,41,3986,109.4,110,-0.6,53.4,1.54,16,26.9,72,49.6,13.9,52,55.9,97.38,49.3,2016,Portland Trail Blazers,POR,Trail Blazers
Los Angeles Lakers,2016-17,82,26,56,3941,105.3,112,-6.7,53.2,1.38,15.6,28.4,71.7,49.4,15.3,50.1,53.7,99.26,44.6,2016,Los Angeles Lakers,LAL,Lakers
Oklahoma City Thunder,2016-17,82,47,35,3961,107.9,107.1,0.8,53.2,1.4,15.5,32.3,74.2,52.8,15.2,50,54,98.18,49.9,2016,Oklahoma City Thunder,OKC,Thunder
Detroit Pistons,2016-17,82,37,45,3961,105.3,106.7,-1.4,53,1.78,16.1,28.6,77.5,51.9,12.3,49.2,52.1,95.52,48.2,2016,Detroit Pistons,DET,Pistons
Phoenix Suns,2016-17,82,24,58,3966,106.1,111.3,-5.2,49.1,1.27,14.4,29.9,71.8,50.3,15.2,49.3,53.8,100.85,46.2,2016,Phoenix Suns,PHO,Suns
Toronto Raptors,2016-17,82,51,31,3956,111.4,107.1,4.3,47.2,1.46,14.5,29.1,71.7,50.5,13.2,51.7,56.1,95.41,51.6,2016,Toronto Raptors,TOR,Raptors
Golden State Warriors,2017-18,82,58,24,3946,112.8,106.8,5.9,68.5,1.9,20.9,24.3,71.2,49.7,15.3,56.9,60.3,100.35,55.4,2017,Golden State Warriors,GSW,Warriors
Philadelphia 76ers,2017-18,82,52,30,3956,108.5,103.9,4.6,66.3,1.64,19.1,28.6,73.6,52,16.3,53.5,56.8,100.75,54.2,2017,Philadelphia 76ers,PHI,76ers
Washington Wizards,2017-18,82,43,39,3971,108.1,107.7,0.4,63.1,1.73,18.4,27.4,73.2,50.4,14.8,52.5,56,97.67,50.9,2017,Washington Wizards,WAS,Wizards
New Orleans Pelicans,2017-18,82,48,34,3991,108.5,107.4,1.1,62.7,1.79,19,24,72.6,49.4,14.5,54.1,57.3,101.48,52.5,2017,New Orleans Pelicans,NOP,Pelicans
Atlanta Hawks,2017-18,82,24,58,3941,104.4,110.1,-5.7,62.2,1.53,17.6,26.3,71.9,48.9,15.7,51.2,54.7,98.76,46.8,2017,Atlanta Hawks,ATL,Hawks
Brooklyn Nets,2017-18,82,28,54,3971,106.1,109.7,-3.6,61.9,1.56,17.3,25.1,73.1,48.9,15.1,51.4,55.1,99.66,47.4,2017,Brooklyn Nets,BRK,Nets
Denver Nuggets,2017-18,82,46,36,3976,111.4,110,1.4,61.7,1.68,18.2,30,73.6,51.7,15.1,53.6,57,97.69,51.1,2017,Denver Nuggets,DEN,Nuggets
Chicago Bulls,2017-18,82,27,55,3971,103.4,110.5,-7,60.7,1.68,17.3,25.6,76.7,50,14.1,49.7,52.9,98.65,45.3,2017,Chicago Bulls,CHI,Bulls
Orlando Magic,2017-18,82,25,57,3946,104.7,109.4,-4.7,60.4,1.61,17.5,24.8,71.4,48,14.7,51.2,54.5,98.58,47.2,2017,Orlando Magic,ORL,Magic
Dallas Mavericks,2017-18,82,24,58,3961,105.4,108.4,-2.9,59.4,1.85,17.3,22.4,74.9,47.8,12.7,51.3,54.4,96.53,47.5,2017,Dallas Mavericks,DAL,Mavericks
Toronto Raptors,2017-18,82,59,23,3966,113,105.3,7.7,59,1.82,17.9,27.4,72.5,50.2,13.5,53.9,57.5,98.02,53.8,2017,Toronto Raptors,TOR,Raptors
Memphis Grizzlies,2017-18,82,22,60,3941,103.6,110.4,-6.8,58.6,1.44,16.6,27.6,72.1,49.3,15.6,50,53.9,95.65,46,2017,Memphis Grizzlies,MEM,Grizzlies
Boston Celtics,2017-18,82,55,27,3961,106.8,103.2,3.6,58.6,1.6,17,26.3,73.9,50.4,14.4,51.8,55.2,96.75,51.9,2017,Boston Celtics,BOS,Celtics
Utah Jazz,2017-18,82,48,34,3951,107.4,103,4.4,58.6,1.53,17.1,25.6,75.6,50.9,15.2,52.7,56.4,96.58,53.2,2017,Utah Jazz,UTA,Jazz
Milwaukee Bucks,2017-18,82,44,38,3966,109,109.1,-0.2,58.5,1.68,17.7,24.4,70.9,48,14.2,53.1,57.1,97.03,50.2,2017,Milwaukee Bucks,MIL,Bucks
Miami Heat,2017-18,82,44,38,3986,106.2,105.8,0.4,58.5,1.58,17.1,26.1,74.1,50.1,14.8,52,55.1,96.1,50.5,2017,Miami Heat,MIA,Heat
Los Angeles Lakers,2017-18,82,35,47,3981,106,107.3,-1.3,58.4,1.51,17,27.9,72.9,50.5,15.5,51.7,54.8,100.9,49.1,2017,Los Angeles Lakers,LAL,Lakers
San Antonio Spurs,2017-18,82,47,35,3946,107.1,104.1,3,58.3,1.73,17.3,27.7,74.1,50.8,13.7,50.7,54.3,95.7,52.5,2017,San Antonio Spurs,SAS,Spurs
Detroit Pistons,2017-18,82,39,43,3961,106.6,106.7,-0.1,58.2,1.7,17.1,26.9,74,49.9,13.8,51.2,54.3,96.75,48.9,2017,Detroit Pistons,DET,Pistons
Cleveland Cavaliers,2017-18,82,50,32,3946,112,111.1,1,57.9,1.7,17.5,24.3,73,49.2,13.9,54.7,58.4,98.72,50.2,2017,Cleveland Cavaliers,CLE,Cavaliers
New York Knicks,2017-18,82,29,53,3966,106.3,109.7,-3.4,57.3,1.58,17.2,28.9,72.7,50.9,15,51,54.4,97.64,48.1,2017,New York Knicks,NYK,NY Knicks
Houston Rockets,2017-18,82,65,17,3951,114.1,105.7,8.4,55.7,1.56,16.4,25.4,75,50.3,14.1,55.1,59,98.02,53.1,2017,Houston Rockets,HOU,Rockets
Sacramento Kings,2017-18,82,27,55,3951,103.1,110.4,-7.3,55.6,1.57,16.6,26.4,73.1,48.9,14.3,50.2,52.9,95.5,45.1,2017,Sacramento Kings,SAC,Kings
Los Angeles Clippers,2017-18,82,42,40,3941,109.4,109.2,0.2,55.5,1.52,16.5,28.4,71.8,50.4,14.7,52.7,56.4,99.54,49.7,2017,Los Angeles Clippers,LAC,Clippers
Charlotte Hornets,2017-18,82,36,46,3956,109,109,-0.1,55.4,1.7,16.1,27.1,76.3,51.2,12.8,50.8,54.9,98.66,50,2017,Charlotte Hornets,CHO,Hornets
Minnesota Timberwolves,2017-18,82,47,35,3961,112.5,110.2,2.3,55.3,1.82,17,28.9,72,50.3,12.8,52.3,56.6,96.75,51.8,2017,Minnesota Timberwolves,MIN,Timberwolves
Phoenix Suns,2017-18,82,21,61,3941,102.8,111.7,-9,55.3,1.35,15.6,27.1,72.4,49.3,15.5,49.5,53.2,101.14,44.2,2017,Phoenix Suns,PHO,Suns
Indiana Pacers,2017-18,82,48,34,3951,108.5,107.3,1.3,54.4,1.67,16.8,27.1,72.1,49.6,13.6,52.5,55.7,96.84,50.9,2017,Indiana Pacers,IND,Pacers
Oklahoma City Thunder,2017-18,82,48,34,3966,110.1,106.4,3.7,53.5,1.53,15.8,32,72.5,51.5,14.3,51.4,54.6,97.34,50.8,2017,Oklahoma City Thunder,OKC,Thunder
Portland Trail Blazers,2017-18,82,49,33,3951,108.4,105.7,2.7,49.6,1.44,15,27.9,74.6,51.3,13.9,51.1,54.9,97.11,51,2017,Portland Trail Blazers,POR,Trail Blazers
Golden State Warriors,2018-19,82,57,25,3961,115,108.6,6.5,66.8,2.06,20.4,25.7,72.7,50.5,13.9,56.5,59.6,101.73,54.6,2018,Golden State Warriors,GSW,Warriors
Denver Nuggets,2018-19,82,54,28,3946,112.1,108.1,4,65.3,2.04,19.3,30.8,74.4,52.4,13.6,52.7,55.8,98.49,52.4,2018,Denver Nuggets,DEN,Nuggets
Philadelphia 76ers,2018-19,82,51,31,3961,111.6,109,2.6,64.8,1.8,18.7,27.8,74.1,51.7,14.4,53.2,57.4,102.59,52.9,2018,Philadelphia 76ers,PHI,76ers
Utah Jazz,2018-19,82,50,32,3951,110.3,105.3,5,64.4,1.72,18.5,27.5,75.9,52.2,14.9,53.8,57.2,100.84,53.9,2018,Utah Jazz,UTA,Jazz
Orlando Magic,2018-19,82,42,40,3956,108.2,107.6,0.6,63.2,1.94,18.6,25.9,75.4,50.4,13.3,51.8,55,98.65,50.8,2018,Orlando Magic,ORL,Magic
Memphis Grizzlies,2018-19,82,33,49,3976,105.6,108,-2.4,63.1,1.71,17.9,24.7,72.4,48.4,14.3,50.8,54.8,97.15,49,2018,Memphis Grizzlies,MEM,Grizzlies
Indiana Pacers,2018-19,82,48,34,3941,109.4,106,3.4,62.8,1.9,18.9,26.9,72.2,49.9,13.9,53,56.1,98.64,52.7,2018,Indiana Pacers,IND,Pacers
Boston Celtics,2018-19,82,49,33,3956,111.3,107,4.3,62.4,2.05,18.8,25.7,72.8,49.5,12.7,53.4,56.7,100.43,53,2018,Boston Celtics,BOS,Celtics
Atlanta Hawks,2018-19,82,29,53,3971,107.5,113.1,-5.5,62.4,1.52,17.7,28.4,71.8,49.6,16.2,52.2,55.5,104.56,46.4,2018,Atlanta Hawks,ATL,Hawks
Washington Wizards,2018-19,82,32,50,3986,110.2,112.9,-2.7,62.3,1.87,18.4,25.2,70.6,47.7,13.6,53.1,56.7,102.24,48.7,2018,Washington Wizards,WAS,Wizards
New Orleans Pelicans,2018-19,82,33,49,3951,110.7,112,-1.3,61.9,1.82,18.6,28.5,72.9,50.9,14.2,52.9,56.3,103.89,49.8,2018,New Orleans Pelicans,NOP,Pelicans
Miami Heat,2018-19,82,39,43,3946,106.7,107.1,-0.4,61.2,1.65,17.6,29.1,73.1,50.9,14.9,51.5,54.2,98.74,50.1,2018,Miami Heat,MIA,Heat
Dallas Mavericks,2018-19,82,33,49,3956,108.7,110.1,-1.5,60.3,1.64,17,27.3,73.4,50.3,14.2,51.9,55.5,99.6,49.2,2018,Dallas Mavericks,DAL,Mavericks
Toronto Raptors,2018-19,82,58,24,3976,112.6,106.8,5.8,60.3,1.81,18.2,26.5,72.6,50.2,13.8,54.3,57.9,100.52,53.3,2018,Toronto Raptors,TOR,Raptors
Milwaukee Bucks,2018-19,82,60,22,3956,113.5,104.9,8.6,60.1,1.88,18.3,25,75.7,51.6,13.3,55,58.3,103.57,55.3,2018,Milwaukee Bucks,MIL,Bucks
Los Angeles Lakers,2018-19,82,37,45,3956,107.4,108.9,-1.6,60,1.63,17.8,27,72.5,50.2,15,52.7,55.4,103.6,49.5,2018,Los Angeles Lakers,LAL,Lakers
Phoenix Suns,2018-19,82,19,63,3976,105.3,114.2,-8.9,59.5,1.53,17.3,24.7,68.3,46.4,15.3,51.4,55.2,101.15,45,2018,Phoenix Suns,PHO,Suns
Brooklyn Nets,2018-19,82,42,40,3996,108.9,109,-0.1,59.2,1.58,16.9,28.2,72,50.1,14.6,52,55.6,101.51,49.2,2018,Brooklyn Nets,BRK,Nets
Minnesota Timberwolves,2018-19,82,36,46,3966,110.6,112.2,-1.6,59.1,1.88,17.4,29.2,70.9,49.7,12.9,51.1,55.2,100.88,49.8,2018,Minnesota Timberwolves,MIN,Timberwolves
Sacramento Kings,2018-19,82,39,43,3946,109.6,110.8,-1.2,58.8,1.9,17.7,26.8,71.3,48.7,12.8,52.4,55.4,103.88,49.5,2018,Sacramento Kings,SAC,Kings
Los Angeles Clippers,2018-19,82,48,34,3966,111.4,110.4,1,58.2,1.65,17.1,26.3,72.2,50,14.1,52.9,57.5,102.66,50.5,2018,Los Angeles Clippers,LAC,Clippers
San Antonio Spurs,2018-19,82,48,34,3961,112.2,110.5,1.6,58,2.03,18.1,24.6,74.4,50.1,12.2,53.4,57.2,98.89,51.6,2018,San Antonio Spurs,SAS,Spurs
Detroit Pistons,2018-19,82,41,41,3971,108.4,108.7,-0.3,57.9,1.63,16.5,29.1,74.5,50.9,14,50.9,54.4,97.88,48.2,2018,Detroit Pistons,DET,Pistons
Charlotte Hornets,2018-19,82,39,43,3966,110.7,112,-1.3,57.8,1.9,17,26.8,73.1,49.5,12.2,51.4,55.4,99.18,48.6,2018,Charlotte Hornets,CHO,Hornets
Chicago Bulls,2018-19,82,22,60,3981,104.5,112.8,-8.3,55,1.55,16.3,24.2,72.7,48.3,14.1,50.5,54.1,99.3,45.3,2018,Chicago Bulls,CHI,Bulls
Oklahoma City Thunder,2018-19,82,49,33,3971,109.8,106.5,3.4,54.8,1.67,16.3,29.8,73.8,50.9,13.4,51.4,54.5,103.38,50.6,2018,Oklahoma City Thunder,OKC,Thunder
Portland Trail Blazers,2018-19,82,53,29,3971,113.7,109.5,4.2,54.4,1.66,16.6,30.8,73.9,52.6,13.7,52.8,56.8,99.96,52.1,2018,Portland Trail Blazers,POR,Trail Blazers
Houston Rockets,2018-19,82,53,29,3966,114.9,110.1,4.8,54.1,1.59,15.9,26.9,70,48.1,13.5,54.2,58.1,98.39,49.8,2018,Houston Rockets,HOU,Rockets
Cleveland Cavaliers,2018-19,82,19,63,3951,106.8,116.8,-10,53.2,1.54,15.6,28.2,73.2,49.6,13.8,50.3,54,97.38,43.6,2018,Cleveland Cavaliers,CLE,Cavaliers
New York Knicks,2018-19,82,17,65,3956,104,112.9,-8.9,52.5,1.43,14.9,26.4,71.7,48.6,14,49,52.9,100.16,44.2,2018,New York Knicks,NYK,NY Knicks
Charlotte Hornets,1999-00,82,49,33,3956,102.5,99.7,2.8,68.9,1.68,18.4,28.3,71.2,50.1,15.3,47.5,53,95.58,54.1,1999,Charlotte Hornets,CHH,Hornets
Utah Jazz,1999-00,82,55,27,3951,105.7,101.1,4.6,68.9,1.67,19.1,32.9,69.8,51.6,16.3,49,54,90.84,55.1,1999,Utah Jazz,UTA,Jazz
Minnesota Timberwolves,1999-00,82,50,32,3981,104.2,101.7,2.5,68.4,1.94,19.8,31.8,69.6,50.7,14.7,48.5,52.5,93.37,53.1,1999,Minnesota Timberwolves,MIN,Timberwolves
Phoenix Suns,1999-00,82,53,29,3961,102.7,97.3,5.4,67.8,1.53,18.8,31.6,67.6,50,17.3,49.1,53.2,95.67,54.2,1999,Phoenix Suns,PHO,Suns
Toronto Raptors,1999-00,82,45,37,3951,102.7,102.8,-0.1,65.3,1.71,17.7,32.4,68.6,49.9,14.7,46.4,51.1,94.3,50,1999,Toronto Raptors,TOR,Raptors
Cleveland Cavaliers,1999-00,82,32,50,3971,98.7,102.2,-3.5,65.2,1.36,17.3,30.8,68.5,49.6,17.7,46.8,51.6,97.36,47.5,1999,Cleveland Cavaliers,CLE,Cavaliers
Miami Heat,1999-00,82,52,30,3966,102.5,99.4,3.1,64.9,1.57,18.3,30.4,69.6,50.8,16.3,49.5,53.3,91.22,54.3,1999,Miami Heat,MIA,Heat
Chicago Bulls,1999-00,82,17,65,3961,92.8,102.8,-10,63.8,1.05,15.8,33.1,67.6,49.9,20.8,44.3,49,90.93,41.7,1999,Chicago Bulls,CHI,Bulls
Portland Trail Blazers,1999-00,82,59,23,3956,106.5,99.5,6.9,63.7,1.55,18.2,33.5,69.3,52.3,16.6,50.1,54.6,91.03,55.9,1999,Portland Trail Blazers,POR,Trail Blazers
Denver Nuggets,1999-00,82,35,47,3971,102.2,104.5,-2.3,62.5,1.49,17.2,32.1,68.8,50.4,16.1,47.6,51.7,95.95,48.3,1999,Denver Nuggets,DEN,Nuggets
Golden State Warriors,1999-00,82,19,63,3951,98,106.5,-8.4,61.8,1.42,16.3,34.6,67.3,49.9,16.3,44.4,48.4,97.11,43.1,1999,Golden State Warriors,GSW,Warriors
San Antonio Spurs,1999-00,82,53,29,3971,103.5,97.1,6.4,61.6,1.48,17.3,30.1,70.3,51.2,16.2,48.8,53.5,92.11,55.6,1999,San Antonio Spurs,SAS,Spurs
Los Angeles Lakers,1999-00,82,67,15,3961,105.4,96.4,9,61.2,1.68,17.4,32.4,70.5,51.8,14.6,48.4,52.5,95.04,57.3,1999,Los Angeles Lakers,LAL,Lakers
Indiana Pacers,1999-00,82,56,26,3946,106.8,101.7,5.1,60.9,1.6,17.5,27.6,69.1,49.2,14.9,50.3,55.2,94.7,53.4,1999,Indiana Pacers,IND,Pacers
Philadelphia 76ers,1999-00,82,49,33,3966,99.9,98.3,1.5,60.7,1.42,16.6,33.5,68,50.4,16.5,45.7,50.1,94.25,50.8,1999,Philadelphia 76ers,PHI,76ers
Seattle SuperSonics,1999-00,82,45,37,3956,104,103.1,1,60.4,1.63,17.2,31.2,67.3,49.1,14.8,48.7,52,94.74,49.6,1999,Seattle SuperSonics,SEA,SuperSonics
Sacramento Kings,1999-00,82,44,38,3961,103.6,100.7,2.9,59.6,1.47,17,30.8,67.9,49.3,16,48.6,52.6,100.66,51.3,1999,Sacramento Kings,SAC,Kings
Houston Rockets,1999-00,82,34,48,3966,103.3,104.2,-0.8,59.1,1.24,16.3,32.1,69.1,50.8,18.1,49.4,53.6,95.54,49,1999,Houston Rockets,HOU,Rockets
Washington Wizards,1999-00,82,29,53,3961,101.8,105.2,-3.4,58.8,1.34,16.4,32.9,68.6,50.6,17,47.6,52.1,94.33,47.1,1999,Washington Wizards,WAS,Wizards
Vancouver Grizzlies,1999-00,82,22,60,3971,100.7,106.7,-6,58.8,1.23,16.2,32.6,67.9,50.1,18.1,47.4,52.4,92.46,45.7,1999,Vancouver Grizzlies,VAN,Grizzlies
Milwaukee Bucks,1999-00,82,42,40,3971,106.5,106.2,0.3,58.3,1.51,17.1,32.7,66.7,49.7,15.8,49.4,53.9,94.27,49.8,1999,Milwaukee Bucks,MIL,Bucks
Boston Celtics,1999-00,82,35,47,3946,102.9,103.9,-1.1,57,1.38,15.9,32.7,70.5,50.6,15.9,47.4,52,96.19,47.6,1999,Boston Celtics,BOS,Celtics
New Jersey Nets,1999-00,82,31,51,3966,102.8,103.9,-1.1,56.7,1.51,15.8,29.8,65.7,47.2,14.3,46.8,51.7,94.63,47.9,1999,New Jersey Nets,NJN,Nets
Dallas Mavericks,1999-00,82,40,42,3946,104.7,105.2,-0.5,56.7,1.61,16.7,28.1,64.7,46.6,14.2,49,53.2,96.64,49.3,1999,Dallas Mavericks,DAL,Mavericks
Detroit Pistons,1999-00,82,42,40,3966,105.2,103.8,1.4,56.1,1.33,15.7,29.5,69.4,49.5,16,49.2,54.8,97.56,50.6,1999,Detroit Pistons,DET,Pistons
New York Knicks,1999-00,82,50,32,3966,100.9,99.5,1.5,54.8,1.32,15.8,27.7,69.9,49.6,16,48.2,52.7,90.54,50.7,1999,New York Knicks,NYK,NY Knicks
Orlando Magic,1999-00,82,41,41,3951,101.1,100.3,0.8,53.9,1.18,15.3,34.4,66.9,50.6,17.8,47.3,51.6,98.68,49.7,1999,Orlando Magic,ORL,Magic
Atlanta Hawks,1999-00,82,28,54,3966,100.1,105.8,-5.7,51.6,1.22,14.6,33.4,69.8,51.6,16.4,46,50.3,93.55,46.2,1999,Atlanta Hawks,ATL,Hawks
Los Angeles Clippers,1999-00,82,15,67,3940,96.1,108,-11.9,51.4,1.12,14.2,28.6,67.4,47.4,16.9,45.8,49.9,95.69,41.1,1999,Los Angeles Clippers,LAC,Clippers
Utah Jazz,2001-02,82,44,38,3966,103.8,102.9,0.9,69.7,1.48,18.4,36.2,68.3,52.1,17.8,47.2,52.9,91.75,53,2001,Utah Jazz,UTA,Jazz
New Jersey Nets,2001-02,82,52,30,3966,102.4,98.1,4.3,65.4,1.67,18.2,32.2,68.3,50.3,15.4,47.6,51.5,93.2,53.7,2001,New Jersey Nets,NJN,Nets
Chicago Bulls,2001-02,82,21,61,3961,97.2,106.2,-9.1,64.6,1.45,17.3,29.8,68.5,48.7,16.6,45.6,49.9,91.56,43.6,2001,Chicago Bulls,CHI,Bulls
Indiana Pacers,2001-02,82,42,40,3981,102.8,102.4,0.4,64.2,1.51,17.6,30.2,68.6,49.9,16.2,47.7,52.7,93.13,51,2001,Indiana Pacers,IND,Pacers
Cleveland Cavaliers,2001-02,82,29,53,3971,103.4,107,-3.6,64.1,1.58,17.8,31.9,69,50.5,15.8,47.7,52.4,91.31,48.2,2001,Cleveland Cavaliers,CLE,Cavaliers
Portland Trail Blazers,2001-02,82,49,33,3966,105.9,102.6,3.3,64.1,1.64,18,34.5,70.3,52.2,15.7,48.5,52.8,90.55,51.8,2001,Portland Trail Blazers,POR,Trail Blazers
Minnesota Timberwolves,2001-02,82,50,32,3961,107.5,104.1,3.4,62.8,1.82,18.4,34.3,70.3,52.4,14.5,49,53.2,91.72,52.9,2001,Minnesota Timberwolves,MIN,Timberwolves
Memphis Grizzlies,2001-02,82,23,59,3956,96.6,104.7,-8,62.6,1.33,16.9,30.5,66.3,48.3,17.6,46.2,50.1,92.55,45.6,2001,Memphis Grizzlies,MEM,Grizzlies
Denver Nuggets,2001-02,82,27,55,3961,100.3,106.6,-6.3,62.3,1.51,17,34.1,66.8,49.7,16,45.5,49.5,91.35,44.2,2001,Denver Nuggets,DEN,Nuggets
Detroit Pistons,2001-02,82,50,32,3936,103.2,100.9,2.3,62,1.48,17.3,27.7,67.6,48.1,15.9,49.7,54,91.38,52.3,2001,Detroit Pistons,DET,Pistons
Seattle SuperSonics,2001-02,82,45,37,3966,107.3,104.1,3.3,61.5,1.71,18.3,32,65.6,49,15.1,50.5,54,90.35,52.2,2001,Seattle SuperSonics,SEA,SuperSonics
New York Knicks,2001-02,82,30,52,3961,100.4,104.6,-4.2,61.1,1.44,16.7,29.2,68.4,48.9,15.9,46.8,51.4,90.78,46.6,2001,New York Knicks,NYK,NY Knicks
Toronto Raptors,2001-02,82,42,40,3951,101.1,101.7,-0.6,60.9,1.52,16.9,34.3,67.1,50.3,15.8,46.3,50.1,90.02,49.6,2001,Toronto Raptors,TOR,Raptors
Charlotte Hornets,2001-02,82,44,38,3951,102.9,101.8,1.2,60.8,1.53,16.7,33.3,68.9,51.1,15.4,46.6,51.3,90.93,51.3,2001,Charlotte Hornets,CHH,Hornets
Milwaukee Bucks,2001-02,82,41,41,3981,105.3,105.6,-0.3,60.7,1.6,17.7,28.7,67.9,49.1,15.2,50.7,54.4,91.51,50.2,2001,Milwaukee Bucks,MIL,Bucks
Boston Celtics,2001-02,82,49,33,3966,102.1,99.9,2.2,60.4,1.55,16.4,27.2,69.5,48.1,14.4,47.6,52,93.6,50,2001,Boston Celtics,BOS,Celtics
Sacramento Kings,2001-02,82,61,21,3951,107.9,99.7,8.1,60,1.74,17.7,30.6,69,50.2,14.2,49.7,53.9,96.74,55.2,2001,Sacramento Kings,SAC,Kings
Los Angeles Lakers,2001-02,82,58,24,3956,108,100.4,7.6,59.7,1.81,17.5,31.1,68.6,50.1,13.5,49.8,53.4,93.32,54.9,2001,Los Angeles Lakers,LAL,Lakers
Miami Heat,2001-02,82,36,46,3986,97.3,99,-1.7,59.4,1.37,16.5,29.7,71,50.5,16.6,46.3,50.1,88.47,50.1,2001,Miami Heat,MIA,Heat
Phoenix Suns,2001-02,82,36,46,3966,101.8,102.6,-0.7,59.3,1.53,17.1,32.7,67.2,49.8,15.7,47.2,51,92.74,48.6,2001,Phoenix Suns,PHO,Suns
Orlando Magic,2001-02,82,44,38,3966,105.6,104.1,1.5,58.4,1.61,16.8,29.2,66.5,47.7,14.3,49.3,53.3,94.4,49.7,2001,Orlando Magic,ORL,Magic
Philadelphia 76ers,2001-02,82,43,39,3946,100.5,98.7,1.8,58.4,1.3,15.8,34.1,70.2,52.3,16.9,45.2,50.7,90.32,52,2001,Philadelphia 76ers,PHI,76ers
Washington Wizards,2001-02,82,37,45,3946,102.9,104.5,-1.6,58.4,1.61,16.6,32.8,68.5,50.4,14.4,46.4,50.8,89.93,48.6,2001,Washington Wizards,WAS,Wizards
Los Angeles Clippers,2001-02,82,39,43,3961,104.3,104.7,-0.4,57.7,1.41,16.3,34.9,67.3,51.2,16.1,47.6,51.9,91.21,49.5,2001,Los Angeles Clippers,LAC,Clippers
Atlanta Hawks,2001-02,82,33,49,3956,100.4,104.8,-4.4,57,1.3,15.8,29.7,68.9,49.1,16.6,47.1,51.7,93.21,46.5,2001,Atlanta Hawks,ATL,Hawks
Golden State Warriors,2001-02,82,21,61,3956,101.5,107.1,-5.6,56.9,1.24,15.3,37.3,66.9,51.6,17.5,45.2,49.9,95.75,45.6,2001,Golden State Warriors,GSW,Warriors
Dallas Mavericks,2001-02,82,57,25,3976,110.3,106,4.3,56.6,1.83,16.9,28.5,68.3,48.7,12.7,50.7,55.3,94.36,51.7,2001,Dallas Mavericks,DAL,Mavericks
San Antonio Spurs,2001-02,82,58,24,3971,105.4,98.5,6.9,56.4,1.39,16,30.1,68.5,50.1,15.7,49.2,53.9,91.06,55.4,2001,San Antonio Spurs,SAS,Spurs
Houston Rockets,2001-02,82,28,54,3996,101.6,106.9,-5.4,52.2,1.28,14.6,32.7,67.5,49.7,15.5,46.5,50.7,89.56,45.8,2001,Houston Rockets,HOU,Rockets
Los Angeles Clippers,2004-05,82,37,45,4006,103.8,104.5,-0.8,65,1.47,17.9,33.8,68.7,51.8,17.1,47.7,53.3,90.66,51.8,2004,Los Angeles Clippers,LAC,Clippers
Utah Jazz,2004-05,82,26,56,3956,102.9,107.3,-4.4,64.6,1.41,17.4,35.1,69.5,51.8,17.4,46.9,52.2,90.02,47.5,2004,Utah Jazz,UTA,Jazz
Denver Nuggets,2004-05,82,49,33,3951,104.7,102.6,2.2,64.5,1.6,18,31.3,67.8,49.7,15.7,48.3,53.5,94.68,53.1,2004,Denver Nuggets,DEN,Nuggets
New Jersey Nets,2004-05,82,42,40,3981,99.9,101.6,-1.7,64.4,1.52,17.1,29.8,70.1,49.5,15.5,46.3,51.2,90.41,49,2004,New Jersey Nets,NJN,Nets
New Orleans Hornets,2004-05,82,18,64,3986,98.2,105.9,-7.7,63.4,1.42,16.6,32.9,67.5,49.4,16.5,44.6,49.3,88.97,43.7,2004,New Orleans Hornets,NOH,Hornets
Minnesota Timberwolves,2004-05,82,44,38,3951,106.6,105,1.6,63,1.78,18.3,32.1,68.2,50.8,14.5,48.9,53.4,90.39,51.8,2004,Minnesota Timberwolves,MIN,Timberwolves
Detroit Pistons,2004-05,82,54,28,3991,103.9,99.6,4.3,62.7,1.58,17.2,34,69.3,51.8,15.4,47.2,51.9,88.59,54.2,2004,Detroit Pistons,DET,Pistons
Sacramento Kings,2004-05,82,50,32,3971,108.8,106.5,2.3,62.6,1.87,18.2,31.5,66.7,49.1,13.7,49.6,54.1,94.52,52.2,2004,Sacramento Kings,SAC,Kings
Cleveland Cavaliers,2004-05,82,42,40,3971,105.3,104.7,0.6,61.9,1.62,17.3,35.4,67.4,51,15.2,47,51.8,90.72,51,2004,Cleveland Cavaliers,CLE,Cavaliers
Memphis Grizzlies,2004-05,82,45,37,3941,104.2,101.5,2.7,61.2,1.43,16.9,30.8,66.3,48.7,16.3,48.9,53.5,89.65,51.5,2004,Memphis Grizzlies,MEM,Grizzlies
Chicago Bulls,2004-05,82,47,35,3966,100.5,99.1,1.4,61.2,1.27,16.4,31.7,69.1,50.6,17.8,47.1,51.7,93.41,49.8,2004,Chicago Bulls,CHI,Bulls
Houston Rockets,2004-05,82,51,31,3971,104.4,100.1,4.3,60.9,1.53,16.9,30.1,71.3,51.2,15.2,48.6,53.4,90.18,52.7,2004,Houston Rockets,HOU,Rockets
Charlotte Bobcats,2004-05,82,18,64,3976,99.8,106,-6.2,60.6,1.51,16.5,32.7,67.6,49.2,15.4,45.5,49.7,93.54,46,2004,Charlotte Bobcats,CHA,Bobcats
San Antonio Spurs,2004-05,82,59,23,3961,106.1,97.8,8.3,60.6,1.57,17.1,32.1,69.7,51,15.1,49.2,53.4,89.96,56.5,2004,San Antonio Spurs,SAS,Spurs
Golden State Warriors,2004-05,82,34,48,3981,103.4,105.5,-2.2,59.8,1.63,16.6,30.3,66.6,47.7,14.2,47.5,51.2,94.45,47.3,2004,Golden State Warriors,GSW,Warriors
Portland Trail Blazers,2004-05,82,27,55,3946,101.9,106.1,-4.3,59.5,1.32,16.6,33.1,65,49.6,17.5,48.4,52.4,91.05,47.5,2004,Portland Trail Blazers,POR,Trail Blazers
Boston Celtics,2004-05,82,45,37,3976,105.9,105.1,0.8,59.4,1.4,16.9,30.5,67.1,49.4,16.5,50.1,55.1,94.61,50.5,2004,Boston Celtics,BOS,Celtics
Philadelphia 76ers,2004-05,82,43,39,3971,101.8,102.5,-0.7,58,1.34,15.9,28.1,70.3,49.1,16,47.5,52.8,96.56,49.3,2004,Philadelphia 76ers,PHI,76ers
Milwaukee Bucks,2004-05,82,30,52,3956,105.1,108.1,-3,58,1.52,16.4,32.2,68.7,50.3,14.9,47.5,52.7,92.14,47.8,2004,Milwaukee Bucks,MIL,Bucks
Miami Heat,2004-05,82,59,23,3996,108.9,102.2,6.7,57.8,1.59,17.1,29.7,69.8,50.8,14.7,52.4,55.9,91.73,55.6,2004,Miami Heat,MIA,Heat
Los Angeles Lakers,2004-05,82,34,48,3956,106.4,109.6,-3.2,57.8,1.42,15.9,32.4,68,50.3,15.5,48.5,53.5,92.34,46.8,2004,Los Angeles Lakers,LAL,Lakers
Phoenix Suns,2004-05,82,62,20,3956,112.7,105.7,7,57.5,1.71,17.4,30.4,65.6,49,14,53.4,57.1,97.35,54.6,2004,Phoenix Suns,PHO,Suns
Toronto Raptors,2004-05,82,33,49,3961,105.4,107.2,-1.8,56.6,1.54,16,26.9,68.2,47.3,14,49.2,53.9,94.01,47.9,2004,Toronto Raptors,TOR,Raptors
New York Knicks,2004-05,82,33,49,3976,104.5,107.2,-2.7,55.9,1.38,15.9,31.6,68.6,49.8,15.8,48.5,53.1,92.12,47.5,2004,New York Knicks,NYK,NY Knicks
Indiana Pacers,2004-05,82,44,38,3981,103.7,102.7,1,55.8,1.27,15.1,29.6,68.7,49.4,16,47.6,53.4,88.71,50.4,2004,Indiana Pacers,IND,Pacers
Atlanta Hawks,2004-05,82,13,69,3971,98.8,109,-10.2,54.9,1.22,15.3,32.6,69.6,50.2,17.1,46.4,50.4,93.09,42.2,2004,Atlanta Hawks,ATL,Hawks
Washington Wizards,2004-05,82,45,37,3956,105.4,105.9,-0.4,52.7,1.33,14.6,33.8,66.7,49.7,15,47.4,52.3,94.8,48.5,2004,Washington Wizards,WAS,Wizards
Dallas Mavericks,2004-05,82,58,24,3946,108.5,102.6,5.9,52.6,1.46,15.3,31.9,67.4,50,14.2,49.2,54.5,94.18,53.7,2004,Dallas Mavericks,DAL,Mavericks
Orlando Magic,2004-05,82,36,46,3941,103.4,105.7,-2.3,52.2,1.2,14.8,32.8,68.2,50.7,16.8,47.8,52.9,96.15,48.9,2004,Orlando Magic,ORL,Magic
Seattle SuperSonics,2004-05,82,52,30,3951,110.3,108,2.3,51.6,1.34,14.7,35.7,68.1,51.7,15.1,49.5,54.6,89.24,50.4,2004,Seattle SuperSonics,SEA,SuperSonics
Atlanta Hawks,2014-15,82,60,22,3946,108.2,102.3,5.9,67.6,1.81,19.5,26.4,69.7,48.7,15,52.7,56.3,94.66,54,2014,Atlanta Hawks,ATL,Hawks
Golden State Warriors,2014-15,82,67,15,3946,110.4,100.4,9.9,65.9,1.9,19.7,27.3,70.3,49.8,14.5,54,57.1,99.28,56.9,2014,Golden State Warriors,GSW,Warriors
Boston Celtics,2014-15,82,40,42,3976,103.8,103.5,0.3,62.9,1.77,18,28.9,71,49.5,14.2,48.9,52.3,96.71,49.8,2014,Boston Celtics,BOS,Celtics
Los Angeles Clippers,2014-15,82,56,26,3946,111.6,104.7,6.9,62.9,2.01,18.7,27.2,71.6,49.7,12.9,53.3,56.5,95.4,54,2014,Los Angeles Clippers,LAC,Clippers
Washington Wizards,2014-15,82,46,36,3991,103,102.4,0.6,62.7,1.6,18.1,28.8,72.6,51.4,15.7,49.9,53.4,94.29,52.5,2014,Washington Wizards,WAS,Wizards
Milwaukee Bucks,2014-15,82,41,41,3986,102,101.4,0.6,62.7,1.41,17.8,29,68.6,49.1,17.5,49.9,53.6,94.82,51.1,2014,Milwaukee Bucks,MIL,Bucks
San Antonio Spurs,2014-15,82,55,27,3991,107.6,101.4,6.3,62.3,1.75,18.4,27.2,73,50.7,14.6,51.7,55.5,94.45,54.5,2014,San Antonio Spurs,SAS,Spurs
Philadelphia 76ers,2014-15,82,18,64,3961,94.9,103.9,-9,60.9,1.16,15.5,29.3,68.6,48,18.3,45.9,49.4,96.45,42.6,2014,Philadelphia 76ers,PHI,76ers
New York Knicks,2014-15,82,17,65,3971,98.9,109,-10.1,60.6,1.45,16.7,28.9,69.1,48.4,15.8,47,50.8,92.06,44.1,2014,New York Knicks,NYK,NY Knicks
Houston Rockets,2014-15,82,56,26,3961,106,102.6,3.4,60,1.33,16.5,30.5,68.6,49.6,17,51.2,54.8,97.36,50.9,2014,Houston Rockets,HOU,Rockets
Chicago Bulls,2014-15,82,50,32,3976,106.3,103.3,3,59.3,1.56,16.6,31.2,70.9,51.6,14.7,48.9,53.6,93.8,52.9,2014,Chicago Bulls,CHI,Bulls
Minnesota Timberwolves,2014-15,82,16,66,3961,101.8,110.9,-9.1,59.3,1.44,16.3,31.1,68.2,48.9,15.6,46.8,51.7,95.45,45.3,2014,Minnesota Timberwolves,MIN,Timberwolves
Cleveland Cavaliers,2014-15,82,53,29,3956,110.1,105.3,4.8,58.7,1.55,17.1,31.1,71.1,51.3,15.2,52,55.7,93.23,51.4,2014,Cleveland Cavaliers,CLE,Cavaliers
Indiana Pacers,2014-15,82,38,44,3971,102.9,102.7,0.2,58.6,1.53,16.6,28.6,73.5,51.1,14.8,48.4,52.3,93.67,50.5,2014,Indiana Pacers,IND,Pacers
Detroit Pistons,2014-15,82,32,50,3966,104.3,105.4,-1.1,58.2,1.61,16.4,31.6,71.2,50.5,14.2,48.2,51.5,93.68,47.8,2014,Detroit Pistons,DET,Pistons
New Orleans Pelicans,2014-15,82,45,37,3956,107.1,106.3,0.8,58.1,1.66,17.1,30.9,71.2,51.1,14.3,50.1,53.7,92.29,50.8,2014,New Orleans Pelicans,NOP,Pelicans
Denver Nuggets,2014-15,82,30,52,3976,103.9,107.1,-3.3,57.7,1.53,16.2,30.3,70,49.4,14.6,47.9,51.8,96.87,46.5,2014,Denver Nuggets,DEN,Nuggets
Memphis Grizzlies,2014-15,82,55,27,3981,104.8,101.2,3.5,57.4,1.62,16.9,28.8,71.6,50.3,14.2,48.9,53.1,92.82,53,2014,Memphis Grizzlies,MEM,Grizzlies
Charlotte Hornets,2014-15,82,33,49,3981,99.6,103,-3.4,56.8,1.69,15.8,27,74.6,50.2,12.6,45.6,49.8,93.45,48.2,2014,Charlotte Hornets,CHO,Hornets
Dallas Mavericks,2014-15,82,50,32,3976,108.2,104.9,3.2,56.7,1.74,17,26.9,68.1,47.7,13.3,51.5,55,96.4,52.1,2014,Dallas Mavericks,DAL,Mavericks
Portland Trail Blazers,2014-15,82,51,31,3971,107.1,102.8,4.3,56.7,1.61,16.8,28.2,72.8,51,14.2,50.8,54.4,95.06,52.2,2014,Portland Trail Blazers,POR,Trail Blazers
Miami Heat,2014-15,82,37,45,3946,103.2,106.1,-3,56.4,1.34,16.1,28.4,68.7,48.9,16.1,50,54,91.49,49.2,2014,Miami Heat,MIA,Heat
Utah Jazz,2014-15,82,38,44,3941,104.2,104.1,0.1,56.3,1.3,15.8,33.2,71.5,52.4,16.8,49.4,53.1,91.1,50.7,2014,Utah Jazz,UTA,Jazz
Los Angeles Lakers,2014-15,82,21,61,3986,102.3,109.4,-7.1,56.2,1.58,15.9,29,72,49.7,13.8,47.3,51.3,95.03,45,2014,Los Angeles Lakers,LAL,Lakers
Brooklyn Nets,2014-15,82,38,44,3986,103.4,106.3,-3,55.9,1.51,16.3,27.8,70.1,49.1,14.6,49.1,52.9,93.69,48,2014,Brooklyn Nets,BRK,Nets
Sacramento Kings,2014-15,82,29,53,3971,104.5,108.2,-3.7,55.4,1.25,15.5,31.3,71.5,51.9,16.8,49,54.2,96.16,48.5,2014,Sacramento Kings,SAC,Kings
Orlando Magic,2014-15,82,25,57,3951,101,106.8,-5.9,55,1.39,16.2,26.9,71.6,49.1,15.7,49.4,52.4,94.51,45.5,2014,Orlando Magic,ORL,Magic
Toronto Raptors,2014-15,82,49,33,3971,110.2,107.1,3.1,54.7,1.61,16.1,30.1,68.9,49.4,13.7,50.8,55.3,93.46,50.6,2014,Toronto Raptors,TOR,Raptors
Oklahoma City Thunder,2014-15,82,45,37,3966,106.7,104.6,2.1,52.8,1.4,15.3,31.8,73,52.4,15.1,49.2,53.2,96.61,50.5,2014,Oklahoma City Thunder,OKC,Thunder
Phoenix Suns,2014-15,82,39,43,3976,104.2,105.3,-1.1,52.2,1.34,15.4,28.1,69.8,48.9,15.4,50.1,53.7,97.2,49.1,2014,Phoenix Suns,PHO,Suns
Golden State Warriors,2015-16,82,73,9,3976,113.5,102.8,10.6,68,1.91,20.4,26.7,72,50.7,15,56.3,59.3,100.24,56.7,2015,Golden State Warriors,GSW,Warriors
Atlanta Hawks,2015-16,82,48,34,3966,104.6,100.8,3.9,66.3,1.71,19,23.4,69.8,47.4,15.2,51.6,55.2,97.63,52.8,2015,Atlanta Hawks,ATL,Hawks
Washington Wizards,2015-16,82,41,41,3951,104.5,105.1,-0.5,61.9,1.69,18.1,25,73.7,49,14.5,51.1,54.4,99.16,49.7,2015,Washington Wizards,WAS,Wizards
Minnesota Timberwolves,2015-16,82,29,53,3976,105.4,109,-3.5,61.9,1.56,17.6,27.9,70.2,49.4,15.5,49.8,54.9,96.2,49.7,2015,Minnesota Timberwolves,MIN,Timberwolves
Boston Celtics,2015-16,82,48,34,3956,105.8,102.5,3.3,61.6,1.76,17.4,29,70.7,49.5,13.8,48.8,53.1,99.43,52,2015,Boston Celtics,BOS,Celtics
Sacramento Kings,2015-16,82,33,49,3961,105.3,107.6,-2.3,61.2,1.52,17.6,28.1,71.7,50,16,51,54.6,100.66,49.4,2015,Sacramento Kings,SAC,Kings
San Antonio Spurs,2015-16,82,67,15,3941,109.3,98.2,11.1,61.1,1.88,18.8,26.6,74.6,51.6,13.8,52.6,56.4,94.54,57.8,2015,San Antonio Spurs,SAS,Spurs
Milwaukee Bucks,2015-16,82,33,49,3966,103.4,107.8,-4.5,60.3,1.52,17.6,28.6,68.9,49,15.9,49.9,53.7,95.05,48.3,2015,Milwaukee Bucks,MIL,Bucks
Denver Nuggets,2015-16,82,33,49,3966,104.9,108.2,-3.3,60.1,1.55,16.9,30.4,73.2,51.3,15.1,48.9,53.1,96.34,47.9,2015,Denver Nuggets,DEN,Nuggets
Los Angeles Clippers,2015-16,82,53,29,3966,107.2,102.7,4.5,59.6,1.76,17.4,23.4,69.7,47.2,13.3,52.4,55.6,96.81,53.3,2015,Los Angeles Clippers,LAC,Clippers
Orlando Magic,2015-16,82,35,47,3981,104.4,106,-1.6,59.6,1.67,17.6,27.1,72.6,49.5,14.4,50,53.3,96.68,48.8,2015,Orlando Magic,ORL,Magic
Philadelphia 76ers,2015-16,82,10,72,3961,98.4,108.6,-10.2,59.4,1.31,16.3,25,69.3,46.6,16.5,48.7,51.9,98.44,42.8,2015,Philadelphia 76ers,PHI,76ers
Dallas Mavericks,2015-16,82,42,40,4001,105.5,105.9,-0.4,59.2,1.73,17,24.1,72.3,48.4,13.2,50.2,54.4,95.34,50.3,2015,Dallas Mavericks,DAL,Mavericks
Chicago Bulls,2015-16,82,42,40,3981,104.1,105.5,-1.4,59.1,1.64,17,29,71.4,50.6,14.2,48.7,52.6,96.6,49.4,2015,Chicago Bulls,CHI,Bulls
Houston Rockets,2015-16,82,41,41,3966,107.3,107.3,0,58.9,1.39,16.4,29.7,69.2,49.2,16.1,51.6,55.3,98.42,49,2015,Houston Rockets,HOU,Rockets
Cleveland Cavaliers,2015-16,82,57,25,3971,110.2,103.9,6.3,58.7,1.67,17.4,29.4,74.2,51.9,14.3,52.4,55.8,93.82,52.8,2015,Cleveland Cavaliers,CLE,Cavaliers
Charlotte Hornets,2015-16,82,48,34,3971,106.4,103.7,2.7,58.6,1.73,16.7,24.4,75.4,49.9,12.9,50.2,54.5,96.24,51.1,2015,Charlotte Hornets,CHO,Hornets
Brooklyn Nets,2015-16,82,21,61,3951,102.4,109.7,-7.4,58.3,1.51,17,27.9,71.6,49.4,15.3,49.2,52.7,96.12,46,2015,Brooklyn Nets,BRK,Nets
New Orleans Pelicans,2015-16,82,30,52,3956,104.8,108.4,-3.7,57.7,1.65,16.8,25.2,74.8,49.3,13.7,49.8,53.7,97.64,47.2,2015,New Orleans Pelicans,NOP,Pelicans
Memphis Grizzlies,2015-16,82,42,40,3966,104.7,107.1,-2.4,56.2,1.56,16,29.8,70.9,49.5,14,47.7,52.4,93.95,48.3,2015,Memphis Grizzlies,MEM,Grizzlies
Oklahoma City Thunder,2015-16,82,55,27,3966,112.1,104.8,7.4,55.8,1.44,16.7,34.7,72,54.1,16.2,52.4,56.5,97.54,54.6,2015,Oklahoma City Thunder,OKC,Thunder
Phoenix Suns,2015-16,82,23,59,3941,101.5,107.9,-6.5,55.8,1.21,15.4,29.7,73.3,50.8,17.3,48.7,52.6,99.39,45,2015,Phoenix Suns,PHO,Suns
New York Knicks,2015-16,82,32,50,3961,103.9,106.7,-2.8,55.7,1.53,16,28,71.8,50.2,14.2,48.3,52.7,94.12,48.7,2015,New York Knicks,NYK,NY Knicks
Indiana Pacers,2015-16,82,45,37,3976,103.8,102.2,1.6,55.4,1.43,16.1,27.1,71.4,49.4,15.1,49.7,53.6,97.35,51.8,2015,Indiana Pacers,IND,Pacers
Portland Trail Blazers,2015-16,82,44,38,3961,107.6,106.8,0.8,55.2,1.46,16,29.4,72.8,51,15,51.1,54.8,97.06,49.3,2015,Portland Trail Blazers,POR,Trail Blazers
Miami Heat,2015-16,82,48,34,3966,105.5,103.7,1.7,54.3,1.48,16.3,28,72.9,51.2,14.8,50.8,54.5,94.14,52.5,2015,Miami Heat,MIA,Heat
Utah Jazz,2015-16,82,40,42,3991,105,103.2,1.8,52.6,1.27,15.1,30.3,73.1,51.7,16.1,50.1,54,91.66,50.8,2015,Utah Jazz,UTA,Jazz
Los Angeles Lakers,2015-16,82,17,65,3946,100.7,110.3,-9.7,51.3,1.31,14.1,27.1,71.2,48.4,14.2,46,50.9,96.55,42.4,2015,Los Angeles Lakers,LAL,Lakers
Detroit Pistons,2015-16,82,44,38,3976,105.3,104.9,0.3,51.2,1.44,14.8,31.3,75.3,52.1,14,49.1,52.2,95.75,48.6,2015,Detroit Pistons,DET,Pistons
Toronto Raptors,2015-16,82,56,26,3956,109.3,104.8,4.4,51.1,1.43,14.9,30,73.6,52,13.9,50.4,55.2,93.35,52.5,2015,Toronto Raptors,TOR,Raptors
